"cohort","signature","gene","absolute_weight","c_full","c_without_gene","c_drop","crosses_002"
"SCANB","GGI","KPNA2",1,0.6097,0.61,-3e-04,FALSE
"SCANB","GGI","SLC7A5",1,0.6097,0.609,7e-04,FALSE
"SCANB","GGI","UBE2N",1,0.6097,0.6095,2e-04,FALSE
"SCANB","GGI","MYBL2",1,0.6097,0.6101,-4e-04,FALSE
"SCANB","GGI","BIRC5",1,0.6097,0.6097,0,FALSE
"SCANB","GGI","MCM2",1,0.6097,0.6096,1e-04,FALSE
"SCANB","GGI","PLK1",1,0.6097,0.6099,-2e-04,FALSE
"SCANB","GGI","FOXM1",1,0.6097,0.6097,0,FALSE
"SCANB","GGI","CCNB2",1,0.6097,0.6098,-1e-04,FALSE
"SCANB","GGI","UBE2S",1,0.6097,0.6096,1e-04,FALSE
"SCANB","GGI","CDC20",1,0.6097,0.61,-2e-04,FALSE
"SCANB","GGI","UBE2C",1,0.6097,0.6098,-1e-04,FALSE
"SCANB","GGI","RNASEH2A",1,0.6097,0.6097,1e-04,FALSE
"SCANB","GGI","TIMELESS",1,0.6097,0.61,-3e-04,FALSE
"SCANB","GGI","SPAG5",1,0.6097,0.6099,-2e-04,FALSE
"SCANB","GGI","LMNB1",1,0.6097,0.6101,-4e-04,FALSE
"SCANB","GGI","MAD2L1",1,0.6097,0.6096,1e-04,FALSE
"SCANB","GGI","CCNA2",1,0.6097,0.6097,0,FALSE
"SCANB","GGI","PTTG1",1,0.6097,0.6096,1e-04,FALSE
"SCANB","GGI","HMGB3",1,0.6097,0.6093,4e-04,FALSE
"SCANB","GGI","BUB1B",1,0.6097,0.6099,-2e-04,FALSE
"SCANB","GGI","ZWINT",1,0.6097,0.6101,-4e-04,FALSE
"SCANB","GGI","TRIP13",1,0.6097,0.6099,-2e-04,FALSE
"SCANB","GGI","AURKA",1,0.6097,0.61,-2e-04,FALSE
"SCANB","GGI","CDK2",1,0.6097,0.6101,-4e-04,FALSE
"SCANB","GGI","GTSE1",1,0.6097,0.6096,1e-04,FALSE
"SCANB","GGI","KIF11",1,0.6097,0.6099,-2e-04,FALSE
"SCANB","GGI","EXO1",1,0.6097,0.6096,1e-04,FALSE
"SCANB","GGI","TROAP",1,0.6097,0.6098,-1e-04,FALSE
"SCANB","GGI","CDC25A",1,0.6097,0.6097,0,FALSE
"SCANB","GGI","NUDT1",1,0.6097,0.6094,3e-04,FALSE
"SCANB","GGI","FEN1",1,0.6097,0.6098,-1e-04,FALSE
"SCANB","GGI","ESPL1",1,0.6097,0.6101,-4e-04,FALSE
"SCANB","GGI","TTK",1,0.6097,0.6096,1e-04,FALSE
"SCANB","GGI","MELK",1,0.6097,0.61,-3e-04,FALSE
"SCANB","GGI","CENPA",1,0.6097,0.6098,-1e-04,FALSE
"SCANB","GGI","CCNE2",1,0.6097,0.6096,1e-04,FALSE
"SCANB","GGI","CENPE",1,0.6097,0.6098,-1e-04,FALSE
"SCANB","GGI","BLM",1,0.6097,0.61,-3e-04,FALSE
"SCANB","GGI","KIF14",1,0.6097,0.6096,1e-04,FALSE
"SCANB","GGI","HMMR",1,0.6097,0.6097,0,FALSE
"SCANB","GGI","CENPF",1,0.6097,0.6099,-1e-04,FALSE
"SCANB","GGI","CCT5",1,0.6097,0.6096,1e-04,FALSE
"SCANB","GGI","KIF2C",1,0.6097,0.6099,-2e-04,FALSE
"SCANB","GGI","AURKB",1,0.6097,0.6097,0,FALSE
"SCANB","GGI","BUB1",1,0.6097,0.6098,-1e-04,FALSE
"SCANB","GGI","KIFC1",1,0.6097,0.6098,-1e-04,FALSE
"SCANB","GGI","CDKN3",1,0.6097,0.6096,1e-04,FALSE
"SCANB","GGI","RRM2",1,0.6097,0.6098,-1e-04,FALSE
"SCANB","GGI","TPX2",1,0.6097,0.61,-2e-04,FALSE
"SCANB","GGI","MKI67",1,0.6097,0.6098,-1e-04,FALSE
"SCANB","GGI","MCM4",1,0.6097,0.6096,1e-04,FALSE
"SCANB","GGI","NCAPH",1,0.6097,0.61,-3e-04,FALSE
"SCANB","GGI","OIP5",1,0.6097,0.6099,-2e-04,FALSE
"SCANB","GGI","SHMT2",1,0.6097,0.609,7e-04,FALSE
"SCANB","GGI","GMPS",1,0.6097,0.6091,6e-04,FALSE
"SCANB","GGI","CCNB1",1,0.6097,0.6098,-1e-04,FALSE
"SCANB","GGI","PRC1",1,0.6097,0.6098,-1e-04,FALSE
"SCANB","GGI","NUSAP1",1,0.6097,0.61,-3e-04,FALSE
"SCANB","GGI","KIF4A",1,0.6097,0.6099,-2e-04,FALSE
"SCANB","GGI","CEP55",1,0.6097,0.6098,-1e-04,FALSE
"SCANB","GGI","ORMDL2",1,0.6097,0.6099,-2e-04,FALSE
"SCANB","GGI","NCAPG",1,0.6097,0.6097,0,FALSE
"SCANB","GGI","KIF20A",1,0.6097,0.6097,0,FALSE
"SCANB","GGI","KIF15",1,0.6097,0.6101,-4e-04,FALSE
"SCANB","GGI","POLQ",1,0.6097,0.61,-3e-04,FALSE
"SCANB","GGI","CENPN",1,0.6097,0.6093,4e-04,FALSE
"SCANB","GGI","ASPM",1,0.6097,0.6098,-1e-04,FALSE
"SCANB","GGI","MCM10",1,0.6097,0.6096,1e-04,FALSE
"SCANB","GGI","CDCA3",1,0.6097,0.6099,-2e-04,FALSE
"SCANB","GGI","CDCA8",1,0.6097,0.61,-3e-04,FALSE
"SCANB","GGI","DONSON",1,0.6097,0.6098,-1e-04,FALSE
"SCANB","GGI","RACGAP1",1,0.6097,0.6098,-1e-04,FALSE
"SCANB","GGI","FRY",1,0.6097,0.6095,2e-04,FALSE
"SCANB","GGI","IFT88",1,0.6097,0.609,7e-04,FALSE
"SCANB","GGI","CX3CR1",1,0.6097,0.6097,0,FALSE
"SCANB","GGI","STARD13",1,0.6097,0.6092,5e-04,FALSE
"SCANB","GGI","LAMB2",1,0.6097,0.6096,1e-04,FALSE
"SCANB","GGI","TPT1",1,0.6097,0.6094,3e-04,FALSE
"SCANB","GGI","CYBRD1",1,0.6097,0.6102,-5e-04,FALSE
"SCANB","GGI","SESN1",1,0.6097,0.6092,5e-04,FALSE
"SCANB","GGI","BBS1",1,0.6097,0.609,7e-04,FALSE
"SCANB","GGI","PIGV",1,0.6097,0.6094,3e-04,FALSE
"SCANB","GGI","WDR19",1,0.6097,0.609,7e-04,FALSE
"SCANB","GGI","SIRT3",1,0.6097,0.6091,7e-04,FALSE
"SCANB","MammaPrint","ALDH4A1",0.420671,0.6238,0.6229,0.001,FALSE
"SCANB","MammaPrint","FGF18",0.410964,0.6238,0.6208,0.003,FALSE
"SCANB","MammaPrint","BBC3",0.407002,0.6238,0.6226,0.0012,FALSE
"SCANB","MammaPrint","SCUBE2",0.399987,0.6238,0.6223,0.0015,FALSE
"SCANB","MammaPrint","RUNDC1",0.3906,0.6238,0.6243,-5e-04,FALSE
"SCANB","MammaPrint","GSTM3",0.380831,0.6238,0.6211,0.0028,FALSE
"SCANB","MammaPrint","RTN4RL1",0.374289,0.6238,0.6232,6e-04,FALSE
"SCANB","MammaPrint","TGFB3",0.371524,0.6238,0.6212,0.0026,FALSE
"SCANB","MammaPrint","STK32B",0.368349,0.6238,0.6246,-8e-04,FALSE
"SCANB","MammaPrint","MS4A7",0.363953,0.6238,0.625,-0.0012,FALSE
"SCANB","MammaPrint","AP2B1",0.363326,0.6238,0.6243,-5e-04,FALSE
"SCANB","MammaPrint","CCNE2",0.356595,0.6238,0.6234,4e-04,FALSE
"SCANB","MammaPrint","CENPA",0.357716,0.6238,0.6241,-2e-04,FALSE
"SCANB","MammaPrint","PRC1",0.358259,0.6238,0.624,-2e-04,FALSE
"SCANB","MammaPrint","NMU",0.359698,0.6238,0.6244,-6e-04,FALSE
"SCANB","MammaPrint","IGFBP5",0.359944,0.6238,0.6241,-3e-04,FALSE
"SCANB","MammaPrint","PITRM1",0.360044,0.6238,0.624,-1e-04,FALSE
"SCANB","MammaPrint","MCM6",0.363852,0.6238,0.624,-2e-04,FALSE
"SCANB","MammaPrint","CDCA7",0.365347,0.6238,0.6246,-8e-04,FALSE
"SCANB","MammaPrint","RFC4",0.365585,0.6238,0.6241,-3e-04,FALSE
"SCANB","MammaPrint","SLC2A3",0.366486,0.6238,0.6221,0.0017,FALSE
"SCANB","MammaPrint","DCK",0.367698,0.6238,0.6246,-8e-04,FALSE
"SCANB","MammaPrint","DTL",0.369416,0.6238,0.6228,0.0011,FALSE
"SCANB","MammaPrint","COL4A2",0.370857,0.6238,0.6235,3e-04,FALSE
"SCANB","MammaPrint","MELK",0.370858,0.6238,0.6247,-9e-04,FALSE
"SCANB","MammaPrint","MTDH",0.373061,0.6238,0.6242,-3e-04,FALSE
"SCANB","MammaPrint","UCHL5",0.373876,0.6238,0.6241,-3e-04,FALSE
"SCANB","MammaPrint","RAB6B",0.376227,0.6238,0.6242,-3e-04,FALSE
"SCANB","MammaPrint","GPR180",0.379169,0.6238,0.6232,6e-04,FALSE
"SCANB","MammaPrint","CDC42BPA",0.384392,0.6238,0.6247,-9e-04,FALSE
"SCANB","MammaPrint","GMPS",0.386515,0.6238,0.6217,0.0021,FALSE
"SCANB","MammaPrint","ECT2",0.390367,0.6238,0.6242,-4e-04,FALSE
"SCANB","MammaPrint","MMP9",0.391694,0.6238,0.6234,4e-04,FALSE
"SCANB","MammaPrint","OXCT1",0.392119,0.6238,0.6257,-0.0019,FALSE
"SCANB","MammaPrint","GNAZ",0.395461,0.6238,0.6219,0.0019,FALSE
"SCANB","MammaPrint","EXT1",0.399515,0.6238,0.6243,-5e-04,FALSE
"SCANB","MammaPrint","DIAPH3",0.404979,0.6238,0.624,-2e-04,FALSE
"SCANB","MammaPrint","NUSAP1",0.424927,0.6238,0.6241,-3e-04,FALSE
"SCANB","MammaPrint","TSPYL5",0.527145,0.6238,0.6281,-0.0042,FALSE
"SCANB","CorePAM","EXO1",0.2174,0.6966,0.6853,0.0113,FALSE
"SCANB","CorePAM","NAT1",0.2052,0.6966,0.6958,8e-04,FALSE
"SCANB","CorePAM","BLVRA",0.1848,0.6966,0.69,0.0066,FALSE
"SCANB","CorePAM","ACTR3B",0.1405,0.6966,0.6883,0.0083,FALSE
"SCANB","CorePAM","MIA",0.1193,0.6966,0.6863,0.0103,FALSE
"SCANB","CorePAM","MYBL2",0.1183,0.6966,0.6876,0.009,FALSE
"SCANB","CorePAM","PTTG1",0.114,0.6966,0.6958,8e-04,FALSE
"SCANB","CorePAM","MDM2",0.1074,0.6966,0.6956,0.001,FALSE
"SCANB","CorePAM","SFRP1",0.0907,0.6966,0.6904,0.0062,FALSE
"SCANB","CorePAM","GPR160",0.0841,0.6966,0.6973,-7e-04,FALSE
"SCANB","CorePAM","FOXC1",0.0717,0.6966,0.6964,2e-04,FALSE
"SCANB","CorePAM","PHGDH",0.062,0.6966,0.6967,-1e-04,FALSE
"SCANB","CorePAM","MYC",0.0424,0.6966,0.6948,0.0018,FALSE
"SCANB","CorePAM","ESR1",0.0396,0.6966,0.6938,0.0028,FALSE
"SCANB","CorePAM","KRT5",0.0277,0.6966,0.6951,0.0015,FALSE
"SCANB","CorePAM","CXXC5",0.0266,0.6966,0.6954,0.0012,FALSE
"SCANB","CorePAM","PGR",0.0262,0.6966,0.697,-4e-04,FALSE
"SCANB","CorePAM","KRT17",0.0163,0.6966,0.6957,9e-04,FALSE
"SCANB","CorePAM","CENPF",0.015,0.6966,0.6971,-5e-04,FALSE
"SCANB","CorePAM","FGFR4",0.011,0.6966,0.6967,-1e-04,FALSE
"SCANB","CorePAM","BCL2",0.0105,0.6966,0.6967,-1e-04,FALSE
"SCANB","CorePAM","MLPH",0.0099,0.6966,0.6969,-3e-04,FALSE
"SCANB","CorePAM","ERBB2",0.0082,0.6966,0.6963,3e-04,FALSE
"SCANB","CorePAM","GRB7",0.0053,0.6966,0.6964,2e-04,FALSE
"SCANB","OncotypeDX","MKI67",0.208,0.5671,0.5577,0.0094,FALSE
"SCANB","OncotypeDX","AURKA",0.208,0.5671,0.5584,0.0087,FALSE
"SCANB","OncotypeDX","BIRC5",0.208,0.5671,0.5544,0.0127,FALSE
"SCANB","OncotypeDX","CCNB1",0.208,0.5671,0.5575,0.0096,FALSE
"SCANB","OncotypeDX","MYBL2",0.208,0.5671,0.5594,0.0077,FALSE
"SCANB","OncotypeDX","MMP11",0.05,0.5671,0.5681,-0.001,FALSE
"SCANB","OncotypeDX","GRB7",0.423,0.5671,0.5759,-0.0088,FALSE
"SCANB","OncotypeDX","ERBB2",0.047,0.5671,0.5694,-0.0023,FALSE
"SCANB","OncotypeDX","ESR1",0.068,0.5671,0.5717,-0.0046,FALSE
"SCANB","OncotypeDX","PGR",0.102,0.5671,0.5758,-0.0087,FALSE
"SCANB","OncotypeDX","BCL2",0.085,0.5671,0.5734,-0.0063,FALSE
"SCANB","OncotypeDX","SCUBE2",0.085,0.5671,0.5748,-0.0077,FALSE
"SCANB","OncotypeDX","GSTM1",0.08,0.5671,0.5655,0.0016,FALSE
"SCANB","OncotypeDX","CD68",0.05,0.5671,0.5646,0.0025,FALSE
"SCANB","OncotypeDX","BAG1",0.07,0.5671,0.564,0.0032,FALSE
"TCGA_BRCA","GGI","KPNA2",1,0.5647,0.5645,2e-04,FALSE
"TCGA_BRCA","GGI","SLC7A5",1,0.5647,0.5642,5e-04,FALSE
"TCGA_BRCA","GGI","UBE2N",1,0.5647,0.5645,2e-04,FALSE
"TCGA_BRCA","GGI","MYBL2",1,0.5647,0.565,-3e-04,FALSE
"TCGA_BRCA","GGI","BIRC5",1,0.5647,0.565,-3e-04,FALSE
"TCGA_BRCA","GGI","MCM2",1,0.5647,0.5652,-5e-04,FALSE
"TCGA_BRCA","GGI","PLK1",1,0.5647,0.5641,6e-04,FALSE
"TCGA_BRCA","GGI","FOXM1",1,0.5647,0.5649,-2e-04,FALSE
"TCGA_BRCA","GGI","CCNB2",1,0.5647,0.5648,-1e-04,FALSE
"TCGA_BRCA","GGI","UBE2S",1,0.5647,0.5645,2e-04,FALSE
"TCGA_BRCA","GGI","CDC20",1,0.5647,0.5648,-1e-04,FALSE
"TCGA_BRCA","GGI","UBE2C",1,0.5647,0.5646,0,FALSE
"TCGA_BRCA","GGI","TIMELESS",1,0.5647,0.5648,-2e-04,FALSE
"TCGA_BRCA","GGI","SPAG5",1,0.5647,0.5647,0,FALSE
"TCGA_BRCA","GGI","LMNB1",1,0.5647,0.5651,-5e-04,FALSE
"TCGA_BRCA","GGI","MAD2L1",1,0.5647,0.5647,0,FALSE
"TCGA_BRCA","GGI","CCNA2",1,0.5647,0.5649,-2e-04,FALSE
"TCGA_BRCA","GGI","PTTG1",1,0.5647,0.5645,2e-04,FALSE
"TCGA_BRCA","GGI","HMGB3",1,0.5647,0.5635,0.0012,FALSE
"TCGA_BRCA","GGI","BUB1B",1,0.5647,0.5647,0,FALSE
"TCGA_BRCA","GGI","ZWINT",1,0.5647,0.5647,0,FALSE
"TCGA_BRCA","GGI","TRIP13",1,0.5647,0.5649,-2e-04,FALSE
"TCGA_BRCA","GGI","AURKA",1,0.5647,0.565,-3e-04,FALSE
"TCGA_BRCA","GGI","CDK2",1,0.5647,0.5649,-2e-04,FALSE
"TCGA_BRCA","GGI","GTSE1",1,0.5647,0.5649,-2e-04,FALSE
"TCGA_BRCA","GGI","KIF11",1,0.5647,0.5652,-5e-04,FALSE
"TCGA_BRCA","GGI","EXO1",1,0.5647,0.5646,1e-04,FALSE
"TCGA_BRCA","GGI","TROAP",1,0.5647,0.5646,1e-04,FALSE
"TCGA_BRCA","GGI","CDC25A",1,0.5647,0.5651,-4e-04,FALSE
"TCGA_BRCA","GGI","NUDT1",1,0.5647,0.5642,5e-04,FALSE
"TCGA_BRCA","GGI","FEN1",1,0.5647,0.5654,-7e-04,FALSE
"TCGA_BRCA","GGI","ESPL1",1,0.5647,0.565,-3e-04,FALSE
"TCGA_BRCA","GGI","TTK",1,0.5647,0.5647,0,FALSE
"TCGA_BRCA","GGI","MELK",1,0.5647,0.5654,-7e-04,FALSE
"TCGA_BRCA","GGI","CENPA",1,0.5647,0.5648,-1e-04,FALSE
"TCGA_BRCA","GGI","CCNE2",1,0.5647,0.5648,-1e-04,FALSE
"TCGA_BRCA","GGI","CENPE",1,0.5647,0.5647,0,FALSE
"TCGA_BRCA","GGI","BLM",1,0.5647,0.5654,-7e-04,FALSE
"TCGA_BRCA","GGI","KIF14",1,0.5647,0.5648,-1e-04,FALSE
"TCGA_BRCA","GGI","HMMR",1,0.5647,0.5649,-2e-04,FALSE
"TCGA_BRCA","GGI","CENPF",1,0.5647,0.565,-3e-04,FALSE
"TCGA_BRCA","GGI","CCT5",1,0.5647,0.5641,6e-04,FALSE
"TCGA_BRCA","GGI","KIF2C",1,0.5647,0.5651,-4e-04,FALSE
"TCGA_BRCA","GGI","AURKB",1,0.5647,0.5647,0,FALSE
"TCGA_BRCA","GGI","BUB1",1,0.5647,0.5648,-1e-04,FALSE
"TCGA_BRCA","GGI","KIFC1",1,0.5647,0.5649,-2e-04,FALSE
"TCGA_BRCA","GGI","CDKN3",1,0.5647,0.565,-3e-04,FALSE
"TCGA_BRCA","GGI","RRM2",1,0.5647,0.5647,0,FALSE
"TCGA_BRCA","GGI","TPX2",1,0.5647,0.5649,-2e-04,FALSE
"TCGA_BRCA","GGI","MKI67",1,0.5647,0.5651,-4e-04,FALSE
"TCGA_BRCA","GGI","MCM4",1,0.5647,0.5645,2e-04,FALSE
"TCGA_BRCA","GGI","NCAPH",1,0.5647,0.565,-3e-04,FALSE
"TCGA_BRCA","GGI","OIP5",1,0.5647,0.5646,0,FALSE
"TCGA_BRCA","GGI","SHMT2",1,0.5647,0.5637,0.001,FALSE
"TCGA_BRCA","GGI","GMPS",1,0.5647,0.5646,1e-04,FALSE
"TCGA_BRCA","GGI","CCNB1",1,0.5647,0.5643,4e-04,FALSE
"TCGA_BRCA","GGI","KIF4A",1,0.5647,0.5647,0,FALSE
"TCGA_BRCA","GGI","CEP55",1,0.5647,0.5649,-2e-04,FALSE
"TCGA_BRCA","GGI","ORMDL2",1,0.5647,0.5638,9e-04,FALSE
"TCGA_BRCA","GGI","NCAPG",1,0.5647,0.5652,-5e-04,FALSE
"TCGA_BRCA","GGI","KIF20A",1,0.5647,0.5647,0,FALSE
"TCGA_BRCA","GGI","KIF15",1,0.5647,0.5655,-8e-04,FALSE
"TCGA_BRCA","GGI","POLQ",1,0.5647,0.5651,-4e-04,FALSE
"TCGA_BRCA","GGI","CENPN",1,0.5647,0.5648,-1e-04,FALSE
"TCGA_BRCA","GGI","ASPM",1,0.5647,0.5653,-6e-04,FALSE
"TCGA_BRCA","GGI","MCM10",1,0.5647,0.5648,-1e-04,FALSE
"TCGA_BRCA","GGI","CDCA3",1,0.5647,0.5645,2e-04,FALSE
"TCGA_BRCA","GGI","CDCA8",1,0.5647,0.5647,0,FALSE
"TCGA_BRCA","GGI","DONSON",1,0.5647,0.5644,3e-04,FALSE
"TCGA_BRCA","GGI","RACGAP1",1,0.5647,0.5647,0,FALSE
"TCGA_BRCA","GGI","FRY",1,0.5647,0.5647,0,FALSE
"TCGA_BRCA","GGI","IFT88",1,0.5647,0.5648,-2e-04,FALSE
"TCGA_BRCA","GGI","CX3CR1",1,0.5647,0.5651,-5e-04,FALSE
"TCGA_BRCA","GGI","STARD13",1,0.5647,0.5646,1e-04,FALSE
"TCGA_BRCA","GGI","LAMB2",1,0.5647,0.5648,-1e-04,FALSE
"TCGA_BRCA","GGI","TPT1",1,0.5647,0.5648,-1e-04,FALSE
"TCGA_BRCA","GGI","CYBRD1",1,0.5647,0.5648,-2e-04,FALSE
"TCGA_BRCA","GGI","SESN1",1,0.5647,0.5653,-6e-04,FALSE
"TCGA_BRCA","GGI","BBS1",1,0.5647,0.5644,3e-04,FALSE
"TCGA_BRCA","GGI","PIGV",1,0.5647,0.565,-3e-04,FALSE
"TCGA_BRCA","GGI","WDR19",1,0.5647,0.5645,2e-04,FALSE
"TCGA_BRCA","GGI","SIRT3",1,0.5647,0.5646,1e-04,FALSE
"TCGA_BRCA","MammaPrint","ALDH4A1",0.420671,0.584,0.5842,-2e-04,FALSE
"TCGA_BRCA","MammaPrint","FGF18",0.410964,0.584,0.5852,-0.0012,FALSE
"TCGA_BRCA","MammaPrint","BBC3",0.407002,0.584,0.5832,8e-04,FALSE
"TCGA_BRCA","MammaPrint","SCUBE2",0.399987,0.584,0.5799,0.0041,FALSE
"TCGA_BRCA","MammaPrint","RUNDC1",0.3906,0.584,0.5824,0.0017,FALSE
"TCGA_BRCA","MammaPrint","GSTM3",0.380831,0.584,0.5821,0.0019,FALSE
"TCGA_BRCA","MammaPrint","RTN4RL1",0.374289,0.584,0.5826,0.0014,FALSE
"TCGA_BRCA","MammaPrint","TGFB3",0.371524,0.584,0.5832,8e-04,FALSE
"TCGA_BRCA","MammaPrint","STK32B",0.368349,0.584,0.585,-0.001,FALSE
"TCGA_BRCA","MammaPrint","MS4A7",0.363953,0.584,0.583,0.001,FALSE
"TCGA_BRCA","MammaPrint","AP2B1",0.363326,0.584,0.5834,6e-04,FALSE
"TCGA_BRCA","MammaPrint","CCNE2",0.356595,0.584,0.5854,-0.0014,FALSE
"TCGA_BRCA","MammaPrint","CENPA",0.357716,0.584,0.5847,-7e-04,FALSE
"TCGA_BRCA","MammaPrint","IGFBP5",0.359944,0.584,0.5838,2e-04,FALSE
"TCGA_BRCA","MammaPrint","PITRM1",0.360044,0.584,0.5809,0.0031,FALSE
"TCGA_BRCA","MammaPrint","MCM6",0.363852,0.584,0.5861,-0.0021,FALSE
"TCGA_BRCA","MammaPrint","CDCA7",0.365347,0.584,0.5834,6e-04,FALSE
"TCGA_BRCA","MammaPrint","RFC4",0.365585,0.584,0.5835,5e-04,FALSE
"TCGA_BRCA","MammaPrint","SLC2A3",0.366486,0.584,0.5841,-1e-04,FALSE
"TCGA_BRCA","MammaPrint","DCK",0.367698,0.584,0.5867,-0.0027,FALSE
"TCGA_BRCA","MammaPrint","DTL",0.369416,0.584,0.5858,-0.0018,FALSE
"TCGA_BRCA","MammaPrint","COL4A2",0.370857,0.584,0.5818,0.0022,FALSE
"TCGA_BRCA","MammaPrint","MELK",0.370858,0.584,0.5858,-0.0018,FALSE
"TCGA_BRCA","MammaPrint","MTDH",0.373061,0.584,0.5825,0.0015,FALSE
"TCGA_BRCA","MammaPrint","UCHL5",0.373876,0.584,0.5831,9e-04,FALSE
"TCGA_BRCA","MammaPrint","RAB6B",0.376227,0.584,0.5809,0.0031,FALSE
"TCGA_BRCA","MammaPrint","GPR180",0.379169,0.584,0.5827,0.0013,FALSE
"TCGA_BRCA","MammaPrint","CDC42BPA",0.384392,0.584,0.5803,0.0037,FALSE
"TCGA_BRCA","MammaPrint","GMPS",0.386515,0.584,0.5833,7e-04,FALSE
"TCGA_BRCA","MammaPrint","ECT2",0.390367,0.584,0.5858,-0.0018,FALSE
"TCGA_BRCA","MammaPrint","MMP9",0.391694,0.584,0.5834,6e-04,FALSE
"TCGA_BRCA","MammaPrint","OXCT1",0.392119,0.584,0.5844,-4e-04,FALSE
"TCGA_BRCA","MammaPrint","GNAZ",0.395461,0.584,0.5847,-7e-04,FALSE
"TCGA_BRCA","MammaPrint","EXT1",0.399515,0.584,0.5811,0.0029,FALSE
"TCGA_BRCA","MammaPrint","DIAPH3",0.404979,0.584,0.585,-0.001,FALSE
"TCGA_BRCA","MammaPrint","TSPYL5",0.527145,0.584,0.5876,-0.0036,FALSE
"TCGA_BRCA","CorePAM","EXO1",0.2174,0.6238,0.6172,0.0066,FALSE
"TCGA_BRCA","CorePAM","NAT1",0.2052,0.6238,0.6238,0,FALSE
"TCGA_BRCA","CorePAM","BLVRA",0.1848,0.6238,0.6193,0.0044,FALSE
"TCGA_BRCA","CorePAM","ACTR3B",0.1405,0.6238,0.6175,0.0063,FALSE
"TCGA_BRCA","CorePAM","MYBL2",0.1183,0.6238,0.6181,0.0057,FALSE
"TCGA_BRCA","CorePAM","PTTG1",0.114,0.6238,0.6205,0.0033,FALSE
"TCGA_BRCA","CorePAM","MDM2",0.1074,0.6238,0.6211,0.0027,FALSE
"TCGA_BRCA","CorePAM","SFRP1",0.0907,0.6238,0.6144,0.0094,FALSE
"TCGA_BRCA","CorePAM","GPR160",0.0841,0.6238,0.6249,-0.0011,FALSE
"TCGA_BRCA","CorePAM","FOXC1",0.0717,0.6238,0.6246,-8e-04,FALSE
"TCGA_BRCA","CorePAM","PHGDH",0.062,0.6238,0.624,-2e-04,FALSE
"TCGA_BRCA","CorePAM","MYC",0.0424,0.6238,0.6175,0.0063,FALSE
"TCGA_BRCA","CorePAM","ESR1",0.0396,0.6238,0.6235,3e-04,FALSE
"TCGA_BRCA","CorePAM","KRT5",0.0277,0.6238,0.6218,0.0019,FALSE
"TCGA_BRCA","CorePAM","CXXC5",0.0266,0.6238,0.6228,0.001,FALSE
"TCGA_BRCA","CorePAM","PGR",0.0262,0.6238,0.6233,5e-04,FALSE
"TCGA_BRCA","CorePAM","KRT17",0.0163,0.6238,0.6228,9e-04,FALSE
"TCGA_BRCA","CorePAM","CENPF",0.015,0.6238,0.6249,-0.0012,FALSE
"TCGA_BRCA","CorePAM","FGFR4",0.011,0.6238,0.6235,2e-04,FALSE
"TCGA_BRCA","CorePAM","BCL2",0.0105,0.6238,0.623,7e-04,FALSE
"TCGA_BRCA","CorePAM","MLPH",0.0099,0.6238,0.6242,-4e-04,FALSE
"TCGA_BRCA","CorePAM","ERBB2",0.0082,0.6238,0.6245,-7e-04,FALSE
"TCGA_BRCA","CorePAM","GRB7",0.0053,0.6238,0.624,-2e-04,FALSE
"TCGA_BRCA","OncotypeDX","MKI67",0.208,0.5436,0.5442,-6e-04,FALSE
"TCGA_BRCA","OncotypeDX","AURKA",0.208,0.5436,0.5364,0.0073,FALSE
"TCGA_BRCA","OncotypeDX","BIRC5",0.208,0.5436,0.5435,2e-04,FALSE
"TCGA_BRCA","OncotypeDX","CCNB1",0.208,0.5436,0.5282,0.0154,FALSE
"TCGA_BRCA","OncotypeDX","MYBL2",0.208,0.5436,0.5402,0.0034,FALSE
"TCGA_BRCA","OncotypeDX","MMP11",0.05,0.5436,0.5433,3e-04,FALSE
"TCGA_BRCA","OncotypeDX","GRB7",0.423,0.5436,0.5375,0.0061,FALSE
"TCGA_BRCA","OncotypeDX","ERBB2",0.047,0.5436,0.5436,0,FALSE
"TCGA_BRCA","OncotypeDX","ESR1",0.068,0.5436,0.545,-0.0014,FALSE
"TCGA_BRCA","OncotypeDX","PGR",0.102,0.5436,0.5508,-0.0071,FALSE
"TCGA_BRCA","OncotypeDX","BCL2",0.085,0.5436,0.5536,-0.01,FALSE
"TCGA_BRCA","OncotypeDX","SCUBE2",0.085,0.5436,0.5495,-0.0059,FALSE
"TCGA_BRCA","OncotypeDX","BAG1",0.07,0.5436,0.5402,0.0034,FALSE
"METABRIC","GGI","KPNA2",1,0.5942,0.5943,-1e-04,FALSE
"METABRIC","GGI","SLC7A5",1,0.5942,0.5939,3e-04,FALSE
"METABRIC","GGI","UBE2N",1,0.5942,0.5943,-1e-04,FALSE
"METABRIC","GGI","MYBL2",1,0.5942,0.5942,0,FALSE
"METABRIC","GGI","BIRC5",1,0.5942,0.5944,-2e-04,FALSE
"METABRIC","GGI","MCM2",1,0.5942,0.5943,-1e-04,FALSE
"METABRIC","GGI","PLK1",1,0.5942,0.594,2e-04,FALSE
"METABRIC","GGI","FOXM1",1,0.5942,0.5942,0,FALSE
"METABRIC","GGI","CCNB2",1,0.5942,0.5942,0,FALSE
"METABRIC","GGI","UBE2S",1,0.5942,0.5941,1e-04,FALSE
"METABRIC","GGI","CDC20",1,0.5942,0.5941,1e-04,FALSE
"METABRIC","GGI","UBE2C",1,0.5942,0.5943,0,FALSE
"METABRIC","GGI","RNASEH2A",1,0.5942,0.5944,-2e-04,FALSE
"METABRIC","GGI","TIMELESS",1,0.5942,0.5943,-1e-04,FALSE
"METABRIC","GGI","SPAG5",1,0.5942,0.5944,-2e-04,FALSE
"METABRIC","GGI","LMNB1",1,0.5942,0.5941,1e-04,FALSE
"METABRIC","GGI","MAD2L1",1,0.5942,0.5943,-1e-04,FALSE
"METABRIC","GGI","CCNA2",1,0.5942,0.5943,-1e-04,FALSE
"METABRIC","GGI","PTTG1",1,0.5942,0.5942,0,FALSE
"METABRIC","GGI","HMGB3",1,0.5942,0.5938,4e-04,FALSE
"METABRIC","GGI","BUB1B",1,0.5942,0.5944,-2e-04,FALSE
"METABRIC","GGI","ZWINT",1,0.5942,0.5944,-2e-04,FALSE
"METABRIC","GGI","TRIP13",1,0.5942,0.5942,0,FALSE
"METABRIC","GGI","AURKA",1,0.5942,0.5941,1e-04,FALSE
"METABRIC","GGI","CDK2",1,0.5942,0.5943,-1e-04,FALSE
"METABRIC","GGI","GTSE1",1,0.5942,0.5941,2e-04,FALSE
"METABRIC","GGI","KIF11",1,0.5942,0.5944,-2e-04,FALSE
"METABRIC","GGI","EXO1",1,0.5942,0.5941,1e-04,FALSE
"METABRIC","GGI","TROAP",1,0.5942,0.594,2e-04,FALSE
"METABRIC","GGI","CDC25A",1,0.5942,0.5944,-1e-04,FALSE
"METABRIC","GGI","NUDT1",1,0.5942,0.5944,-2e-04,FALSE
"METABRIC","GGI","FEN1",1,0.5942,0.5942,0,FALSE
"METABRIC","GGI","ESPL1",1,0.5942,0.5943,-1e-04,FALSE
"METABRIC","GGI","TTK",1,0.5942,0.5942,0,FALSE
"METABRIC","GGI","MELK",1,0.5942,0.5942,0,FALSE
"METABRIC","GGI","CENPA",1,0.5942,0.5943,-1e-04,FALSE
"METABRIC","GGI","CCNE2",1,0.5942,0.5942,0,FALSE
"METABRIC","GGI","CENPE",1,0.5942,0.5942,0,FALSE
"METABRIC","GGI","BLM",1,0.5942,0.5944,-2e-04,FALSE
"METABRIC","GGI","KIF14",1,0.5942,0.5942,0,FALSE
"METABRIC","GGI","HMMR",1,0.5942,0.5944,-2e-04,FALSE
"METABRIC","GGI","CENPF",1,0.5942,0.5943,-1e-04,FALSE
"METABRIC","GGI","CCT5",1,0.5942,0.5941,1e-04,FALSE
"METABRIC","GGI","KIF2C",1,0.5942,0.5942,0,FALSE
"METABRIC","GGI","AURKB",1,0.5942,0.5943,-1e-04,FALSE
"METABRIC","GGI","BUB1",1,0.5942,0.5943,-1e-04,FALSE
"METABRIC","GGI","KIFC1",1,0.5942,0.5943,-1e-04,FALSE
"METABRIC","GGI","CDKN3",1,0.5942,0.5943,-1e-04,FALSE
"METABRIC","GGI","RRM2",1,0.5942,0.5938,4e-04,FALSE
"METABRIC","GGI","TPX2",1,0.5942,0.5941,1e-04,FALSE
"METABRIC","GGI","MKI67",1,0.5942,0.5943,-1e-04,FALSE
"METABRIC","GGI","MCM4",1,0.5942,0.5942,0,FALSE
"METABRIC","GGI","NCAPH",1,0.5942,0.5939,3e-04,FALSE
"METABRIC","GGI","OIP5",1,0.5942,0.5943,-1e-04,FALSE
"METABRIC","GGI","SHMT2",1,0.5942,0.5938,4e-04,FALSE
"METABRIC","GGI","GMPS",1,0.5942,0.594,2e-04,FALSE
"METABRIC","GGI","CCNB1",1,0.5942,0.5943,-1e-04,FALSE
"METABRIC","GGI","PRC1",1,0.5942,0.5942,0,FALSE
"METABRIC","GGI","NUSAP1",1,0.5942,0.5943,-1e-04,FALSE
"METABRIC","GGI","KIF4A",1,0.5942,0.5941,1e-04,FALSE
"METABRIC","GGI","CEP55",1,0.5942,0.5943,-1e-04,FALSE
"METABRIC","GGI","ORMDL2",1,0.5942,0.5941,1e-04,FALSE
"METABRIC","GGI","NCAPG",1,0.5942,0.5943,-1e-04,FALSE
"METABRIC","GGI","KIF20A",1,0.5942,0.5941,1e-04,FALSE
"METABRIC","GGI","KIF15",1,0.5942,0.5943,-1e-04,FALSE
"METABRIC","GGI","POLQ",1,0.5942,0.5943,-1e-04,FALSE
"METABRIC","GGI","CENPN",1,0.5942,0.5943,-1e-04,FALSE
"METABRIC","GGI","ASPM",1,0.5942,0.5944,-1e-04,FALSE
"METABRIC","GGI","MCM10",1,0.5942,0.5943,-1e-04,FALSE
"METABRIC","GGI","CDCA3",1,0.5942,0.5943,-1e-04,FALSE
"METABRIC","GGI","CDCA8",1,0.5942,0.5942,0,FALSE
"METABRIC","GGI","DONSON",1,0.5942,0.5941,1e-04,FALSE
"METABRIC","GGI","RACGAP1",1,0.5942,0.5941,1e-04,FALSE
"METABRIC","GGI","FRY",1,0.5942,0.5941,1e-04,FALSE
"METABRIC","GGI","IFT88",1,0.5942,0.5939,3e-04,FALSE
"METABRIC","GGI","CX3CR1",1,0.5942,0.5941,1e-04,FALSE
"METABRIC","GGI","STARD13",1,0.5942,0.5939,3e-04,FALSE
"METABRIC","GGI","LAMB2",1,0.5942,0.5942,0,FALSE
"METABRIC","GGI","TPT1",1,0.5942,0.5938,4e-04,FALSE
"METABRIC","GGI","CYBRD1",1,0.5942,0.5944,-2e-04,FALSE
"METABRIC","GGI","SESN1",1,0.5942,0.5939,3e-04,FALSE
"METABRIC","GGI","BBS1",1,0.5942,0.5942,0,FALSE
"METABRIC","GGI","PIGV",1,0.5942,0.5935,7e-04,FALSE
"METABRIC","GGI","WDR19",1,0.5942,0.5937,5e-04,FALSE
"METABRIC","GGI","SIRT3",1,0.5942,0.5944,-2e-04,FALSE
"METABRIC","MammaPrint","ALDH4A1",0.420671,0.5898,0.5903,-5e-04,FALSE
"METABRIC","MammaPrint","FGF18",0.410964,0.5898,0.5895,3e-04,FALSE
"METABRIC","MammaPrint","BBC3",0.407002,0.5898,0.5909,-0.0011,FALSE
"METABRIC","MammaPrint","SCUBE2",0.399987,0.5898,0.5903,-5e-04,FALSE
"METABRIC","MammaPrint","RUNDC1",0.3906,0.5898,0.5904,-6e-04,FALSE
"METABRIC","MammaPrint","GSTM3",0.380831,0.5898,0.5884,0.0014,FALSE
"METABRIC","MammaPrint","RTN4RL1",0.374289,0.5898,0.5901,-3e-04,FALSE
"METABRIC","MammaPrint","TGFB3",0.371524,0.5898,0.5886,0.0012,FALSE
"METABRIC","MammaPrint","STK32B",0.368349,0.5898,0.5914,-0.0016,FALSE
"METABRIC","MammaPrint","MS4A7",0.363953,0.5898,0.5894,3e-04,FALSE
"METABRIC","MammaPrint","AP2B1",0.363326,0.5898,0.5902,-4e-04,FALSE
"METABRIC","MammaPrint","CCNE2",0.356595,0.5898,0.5891,7e-04,FALSE
"METABRIC","MammaPrint","CENPA",0.357716,0.5898,0.5895,3e-04,FALSE
"METABRIC","MammaPrint","PRC1",0.358259,0.5898,0.5884,0.0014,FALSE
"METABRIC","MammaPrint","NMU",0.359698,0.5898,0.5894,4e-04,FALSE
"METABRIC","MammaPrint","IGFBP5",0.359944,0.5898,0.5887,0.0011,FALSE
"METABRIC","MammaPrint","PITRM1",0.360044,0.5898,0.5895,3e-04,FALSE
"METABRIC","MammaPrint","MCM6",0.363852,0.5898,0.59,-2e-04,FALSE
"METABRIC","MammaPrint","CDCA7",0.365347,0.5898,0.5896,2e-04,FALSE
"METABRIC","MammaPrint","RFC4",0.365585,0.5898,0.59,-2e-04,FALSE
"METABRIC","MammaPrint","SLC2A3",0.366486,0.5898,0.5898,0,FALSE
"METABRIC","MammaPrint","DCK",0.367698,0.5898,0.5911,-0.0013,FALSE
"METABRIC","MammaPrint","DTL",0.369416,0.5898,0.5892,6e-04,FALSE
"METABRIC","MammaPrint","COL4A2",0.370857,0.5898,0.588,0.0018,FALSE
"METABRIC","MammaPrint","MELK",0.370858,0.5898,0.5894,4e-04,FALSE
"METABRIC","MammaPrint","MTDH",0.373061,0.5898,0.5904,-6e-04,FALSE
"METABRIC","MammaPrint","UCHL5",0.373876,0.5898,0.5906,-8e-04,FALSE
"METABRIC","MammaPrint","RAB6B",0.376227,0.5898,0.5894,4e-04,FALSE
"METABRIC","MammaPrint","GPR180",0.379169,0.5898,0.5894,4e-04,FALSE
"METABRIC","MammaPrint","CDC42BPA",0.384392,0.5898,0.5894,3e-04,FALSE
"METABRIC","MammaPrint","GMPS",0.386515,0.5898,0.5889,9e-04,FALSE
"METABRIC","MammaPrint","ECT2",0.390367,0.5898,0.5898,0,FALSE
"METABRIC","MammaPrint","MMP9",0.391694,0.5898,0.5906,-8e-04,FALSE
"METABRIC","MammaPrint","OXCT1",0.392119,0.5898,0.5895,3e-04,FALSE
"METABRIC","MammaPrint","GNAZ",0.395461,0.5898,0.5893,5e-04,FALSE
"METABRIC","MammaPrint","EXT1",0.399515,0.5898,0.5879,0.0019,FALSE
"METABRIC","MammaPrint","DIAPH3",0.404979,0.5898,0.5905,-7e-04,FALSE
"METABRIC","MammaPrint","NUSAP1",0.424927,0.5898,0.5882,0.0016,FALSE
"METABRIC","MammaPrint","TSPYL5",0.527145,0.5898,0.591,-0.0013,FALSE
"METABRIC","CorePAM","EXO1",0.2174,0.5927,0.5774,0.0153,FALSE
"METABRIC","CorePAM","NAT1",0.2052,0.5927,0.589,0.0037,FALSE
"METABRIC","CorePAM","BLVRA",0.1848,0.5927,0.5877,0.005,FALSE
"METABRIC","CorePAM","ACTR3B",0.1405,0.5927,0.5917,0.001,FALSE
"METABRIC","CorePAM","MIA",0.1193,0.5927,0.592,8e-04,FALSE
"METABRIC","CorePAM","MYBL2",0.1183,0.5927,0.5954,-0.0027,FALSE
"METABRIC","CorePAM","PTTG1",0.114,0.5927,0.5867,0.006,FALSE
"METABRIC","CorePAM","MDM2",0.1074,0.5927,0.595,-0.0023,FALSE
"METABRIC","CorePAM","SFRP1",0.0907,0.5927,0.59,0.0028,FALSE
"METABRIC","CorePAM","GPR160",0.0841,0.5927,0.5947,-0.002,FALSE
"METABRIC","CorePAM","FOXC1",0.0717,0.5927,0.592,7e-04,FALSE
"METABRIC","CorePAM","PHGDH",0.062,0.5927,0.5895,0.0033,FALSE
"METABRIC","CorePAM","MYC",0.0424,0.5927,0.5926,2e-04,FALSE
"METABRIC","CorePAM","ESR1",0.0396,0.5927,0.5929,-1e-04,FALSE
"METABRIC","CorePAM","KRT5",0.0277,0.5927,0.5924,4e-04,FALSE
"METABRIC","CorePAM","CXXC5",0.0266,0.5927,0.5927,0,FALSE
"METABRIC","CorePAM","PGR",0.0262,0.5927,0.5912,0.0016,FALSE
"METABRIC","CorePAM","KRT17",0.0163,0.5927,0.5923,4e-04,FALSE
"METABRIC","CorePAM","CENPF",0.015,0.5927,0.5924,3e-04,FALSE
"METABRIC","CorePAM","FGFR4",0.011,0.5927,0.5921,6e-04,FALSE
"METABRIC","CorePAM","BCL2",0.0105,0.5927,0.592,8e-04,FALSE
"METABRIC","CorePAM","MLPH",0.0099,0.5927,0.5928,0,FALSE
"METABRIC","CorePAM","ERBB2",0.0082,0.5927,0.5931,-3e-04,FALSE
"METABRIC","CorePAM","GRB7",0.0053,0.5927,0.5931,-3e-04,FALSE
"METABRIC","OncotypeDX","MKI67",0.208,0.5834,0.5784,0.005,FALSE
"METABRIC","OncotypeDX","AURKA",0.208,0.5834,0.574,0.0094,FALSE
"METABRIC","OncotypeDX","BIRC5",0.208,0.5834,0.5773,0.0061,FALSE
"METABRIC","OncotypeDX","CCNB1",0.208,0.5834,0.5807,0.0027,FALSE
"METABRIC","OncotypeDX","MYBL2",0.208,0.5834,0.5872,-0.0038,FALSE
"METABRIC","OncotypeDX","MMP11",0.05,0.5834,0.5825,9e-04,FALSE
"METABRIC","OncotypeDX","GRB7",0.423,0.5834,0.5679,0.0155,FALSE
"METABRIC","OncotypeDX","ERBB2",0.047,0.5834,0.5837,-3e-04,FALSE
"METABRIC","OncotypeDX","ESR1",0.068,0.5834,0.5853,-0.0019,FALSE
"METABRIC","OncotypeDX","PGR",0.102,0.5834,0.5903,-0.0069,FALSE
"METABRIC","OncotypeDX","BCL2",0.085,0.5834,0.588,-0.0046,FALSE
"METABRIC","OncotypeDX","SCUBE2",0.085,0.5834,0.5851,-0.0018,FALSE
"METABRIC","OncotypeDX","GSTM1",0.08,0.5834,0.5808,0.0026,FALSE
"METABRIC","OncotypeDX","CD68",0.05,0.5834,0.5815,0.0019,FALSE
"METABRIC","OncotypeDX","BAG1",0.07,0.5834,0.5801,0.0032,FALSE
"GSE20685","GGI","KPNA2",1,0.6144,0.6147,-3e-04,FALSE
"GSE20685","GGI","SLC7A5",1,0.6144,0.6139,5e-04,FALSE
"GSE20685","GGI","UBE2N",1,0.6144,0.6156,-0.0012,FALSE
"GSE20685","GGI","MYBL2",1,0.6144,0.615,-6e-04,FALSE
"GSE20685","GGI","BIRC5",1,0.6144,0.6149,-5e-04,FALSE
"GSE20685","GGI","MCM2",1,0.6144,0.6148,-4e-04,FALSE
"GSE20685","GGI","PLK1",1,0.6144,0.6149,-5e-04,FALSE
"GSE20685","GGI","FOXM1",1,0.6144,0.6147,-3e-04,FALSE
"GSE20685","GGI","CCNB2",1,0.6144,0.6146,-2e-04,FALSE
"GSE20685","GGI","UBE2S",1,0.6144,0.6152,-8e-04,FALSE
"GSE20685","GGI","CDC20",1,0.6144,0.6142,2e-04,FALSE
"GSE20685","GGI","UBE2C",1,0.6144,0.6146,-2e-04,FALSE
"GSE20685","GGI","RNASEH2A",1,0.6144,0.6149,-5e-04,FALSE
"GSE20685","GGI","TIMELESS",1,0.6144,0.6157,-0.0013,FALSE
"GSE20685","GGI","SPAG5",1,0.6144,0.614,4e-04,FALSE
"GSE20685","GGI","LMNB1",1,0.6144,0.6151,-7e-04,FALSE
"GSE20685","GGI","MAD2L1",1,0.6144,0.6149,-5e-04,FALSE
"GSE20685","GGI","CCNA2",1,0.6144,0.615,-6e-04,FALSE
"GSE20685","GGI","PTTG1",1,0.6144,0.6157,-0.0013,FALSE
"GSE20685","GGI","HMGB3",1,0.6144,0.6138,6e-04,FALSE
"GSE20685","GGI","BUB1B",1,0.6144,0.6148,-4e-04,FALSE
"GSE20685","GGI","ZWINT",1,0.6144,0.615,-6e-04,FALSE
"GSE20685","GGI","TRIP13",1,0.6144,0.6148,-4e-04,FALSE
"GSE20685","GGI","AURKA",1,0.6144,0.6139,5e-04,FALSE
"GSE20685","GGI","CDK2",1,0.6144,0.614,4e-04,FALSE
"GSE20685","GGI","GTSE1",1,0.6144,0.6148,-4e-04,FALSE
"GSE20685","GGI","KIF11",1,0.6144,0.6154,-0.001,FALSE
"GSE20685","GGI","EXO1",1,0.6144,0.6153,-9e-04,FALSE
"GSE20685","GGI","TROAP",1,0.6144,0.6147,-3e-04,FALSE
"GSE20685","GGI","CDC25A",1,0.6144,0.6144,0,FALSE
"GSE20685","GGI","NUDT1",1,0.6144,0.6137,7e-04,FALSE
"GSE20685","GGI","FEN1",1,0.6144,0.6156,-0.0012,FALSE
"GSE20685","GGI","ESPL1",1,0.6144,0.6148,-4e-04,FALSE
"GSE20685","GGI","TTK",1,0.6144,0.6146,-2e-04,FALSE
"GSE20685","GGI","MELK",1,0.6144,0.615,-6e-04,FALSE
"GSE20685","GGI","CENPA",1,0.6144,0.6149,-5e-04,FALSE
"GSE20685","GGI","CCNE2",1,0.6144,0.6146,-2e-04,FALSE
"GSE20685","GGI","CENPE",1,0.6144,0.615,-6e-04,FALSE
"GSE20685","GGI","BLM",1,0.6144,0.6147,-3e-04,FALSE
"GSE20685","GGI","KIF14",1,0.6144,0.6144,0,FALSE
"GSE20685","GGI","HMMR",1,0.6144,0.6153,-9e-04,FALSE
"GSE20685","GGI","CENPF",1,0.6144,0.6142,2e-04,FALSE
"GSE20685","GGI","CCT5",1,0.6144,0.6135,9e-04,FALSE
"GSE20685","GGI","KIF2C",1,0.6144,0.6141,3e-04,FALSE
"GSE20685","GGI","AURKB",1,0.6144,0.6139,5e-04,FALSE
"GSE20685","GGI","BUB1",1,0.6144,0.6147,-3e-04,FALSE
"GSE20685","GGI","KIFC1",1,0.6144,0.6155,-0.001,FALSE
"GSE20685","GGI","CDKN3",1,0.6144,0.6149,-5e-04,FALSE
"GSE20685","GGI","RRM2",1,0.6144,0.6151,-7e-04,FALSE
"GSE20685","GGI","TPX2",1,0.6144,0.6145,-1e-04,FALSE
"GSE20685","GGI","MKI67",1,0.6144,0.6152,-8e-04,FALSE
"GSE20685","GGI","MCM4",1,0.6144,0.6149,-5e-04,FALSE
"GSE20685","GGI","NCAPH",1,0.6144,0.6147,-3e-04,FALSE
"GSE20685","GGI","OIP5",1,0.6144,0.6152,-8e-04,FALSE
"GSE20685","GGI","SHMT2",1,0.6144,0.6145,0,FALSE
"GSE20685","GGI","GMPS",1,0.6144,0.6137,7e-04,FALSE
"GSE20685","GGI","CCNB1",1,0.6144,0.6141,3e-04,FALSE
"GSE20685","GGI","PRC1",1,0.6144,0.6146,-2e-04,FALSE
"GSE20685","GGI","NUSAP1",1,0.6144,0.6149,-5e-04,FALSE
"GSE20685","GGI","KIF4A",1,0.6144,0.6153,-9e-04,FALSE
"GSE20685","GGI","CEP55",1,0.6144,0.6153,-9e-04,FALSE
"GSE20685","GGI","ORMDL2",1,0.6144,0.6144,0,FALSE
"GSE20685","GGI","NCAPG",1,0.6144,0.6146,-2e-04,FALSE
"GSE20685","GGI","KIF20A",1,0.6144,0.6146,-2e-04,FALSE
"GSE20685","GGI","KIF15",1,0.6144,0.6145,-1e-04,FALSE
"GSE20685","GGI","POLQ",1,0.6144,0.615,-6e-04,FALSE
"GSE20685","GGI","CENPN",1,0.6144,0.6142,2e-04,FALSE
"GSE20685","GGI","ASPM",1,0.6144,0.6138,6e-04,FALSE
"GSE20685","GGI","MCM10",1,0.6144,0.6147,-3e-04,FALSE
"GSE20685","GGI","CDCA3",1,0.6144,0.6143,1e-04,FALSE
"GSE20685","GGI","CDCA8",1,0.6144,0.6143,1e-04,FALSE
"GSE20685","GGI","DONSON",1,0.6144,0.6147,-3e-04,FALSE
"GSE20685","GGI","RACGAP1",1,0.6144,0.614,4e-04,FALSE
"GSE20685","GGI","FRY",1,0.6144,0.6149,-5e-04,FALSE
"GSE20685","GGI","IFT88",1,0.6144,0.615,-6e-04,FALSE
"GSE20685","GGI","CX3CR1",1,0.6144,0.6139,5e-04,FALSE
"GSE20685","GGI","STARD13",1,0.6144,0.6137,7e-04,FALSE
"GSE20685","GGI","LAMB2",1,0.6144,0.6148,-4e-04,FALSE
"GSE20685","GGI","TPT1",1,0.6144,0.6144,0,FALSE
"GSE20685","GGI","CYBRD1",1,0.6144,0.6141,3e-04,FALSE
"GSE20685","GGI","SESN1",1,0.6144,0.6155,-0.0011,FALSE
"GSE20685","GGI","BBS1",1,0.6144,0.6145,0,FALSE
"GSE20685","GGI","PIGV",1,0.6144,0.6145,0,FALSE
"GSE20685","GGI","WDR19",1,0.6144,0.6141,3e-04,FALSE
"GSE20685","GGI","SIRT3",1,0.6144,0.6141,3e-04,FALSE
"GSE20685","MammaPrint","ALDH4A1",0.420671,0.6353,0.6374,-0.002,FALSE
"GSE20685","MammaPrint","FGF18",0.410964,0.6353,0.6374,-0.0021,FALSE
"GSE20685","MammaPrint","BBC3",0.407002,0.6353,0.6348,5e-04,FALSE
"GSE20685","MammaPrint","SCUBE2",0.399987,0.6353,0.6345,9e-04,FALSE
"GSE20685","MammaPrint","RUNDC1",0.3906,0.6353,0.6321,0.0032,FALSE
"GSE20685","MammaPrint","GSTM3",0.380831,0.6353,0.6289,0.0064,FALSE
"GSE20685","MammaPrint","RTN4RL1",0.374289,0.6353,0.6337,0.0016,FALSE
"GSE20685","MammaPrint","TGFB3",0.371524,0.6353,0.6391,-0.0037,FALSE
"GSE20685","MammaPrint","STK32B",0.368349,0.6353,0.6338,0.0016,FALSE
"GSE20685","MammaPrint","MS4A7",0.363953,0.6353,0.6346,7e-04,FALSE
"GSE20685","MammaPrint","AP2B1",0.363326,0.6353,0.6356,-2e-04,FALSE
"GSE20685","MammaPrint","CCNE2",0.356595,0.6353,0.6372,-0.0019,FALSE
"GSE20685","MammaPrint","CENPA",0.357716,0.6353,0.6363,-0.001,FALSE
"GSE20685","MammaPrint","PRC1",0.358259,0.6353,0.6348,5e-04,FALSE
"GSE20685","MammaPrint","NMU",0.359698,0.6353,0.6349,4e-04,FALSE
"GSE20685","MammaPrint","IGFBP5",0.359944,0.6353,0.6374,-0.0021,FALSE
"GSE20685","MammaPrint","PITRM1",0.360044,0.6353,0.6335,0.0018,FALSE
"GSE20685","MammaPrint","MCM6",0.363852,0.6353,0.6381,-0.0028,FALSE
"GSE20685","MammaPrint","CDCA7",0.365347,0.6353,0.6367,-0.0014,FALSE
"GSE20685","MammaPrint","RFC4",0.365585,0.6353,0.6358,-5e-04,FALSE
"GSE20685","MammaPrint","SLC2A3",0.366486,0.6353,0.6343,0.001,FALSE
"GSE20685","MammaPrint","DCK",0.367698,0.6353,0.6407,-0.0054,FALSE
"GSE20685","MammaPrint","DTL",0.369416,0.6353,0.6348,5e-04,FALSE
"GSE20685","MammaPrint","COL4A2",0.370857,0.6353,0.6333,0.002,FALSE
"GSE20685","MammaPrint","MELK",0.370858,0.6353,0.6345,9e-04,FALSE
"GSE20685","MammaPrint","MTDH",0.373061,0.6353,0.6317,0.0037,FALSE
"GSE20685","MammaPrint","UCHL5",0.373876,0.6353,0.6375,-0.0022,FALSE
"GSE20685","MammaPrint","RAB6B",0.376227,0.6353,0.631,0.0043,FALSE
"GSE20685","MammaPrint","GPR180",0.379169,0.6353,0.6326,0.0027,FALSE
"GSE20685","MammaPrint","CDC42BPA",0.384392,0.6353,0.6338,0.0016,FALSE
"GSE20685","MammaPrint","GMPS",0.386515,0.6353,0.6312,0.0041,FALSE
"GSE20685","MammaPrint","ECT2",0.390367,0.6353,0.6339,0.0015,FALSE
"GSE20685","MammaPrint","MMP9",0.391694,0.6353,0.6406,-0.0053,FALSE
"GSE20685","MammaPrint","OXCT1",0.392119,0.6353,0.6375,-0.0022,FALSE
"GSE20685","MammaPrint","GNAZ",0.395461,0.6353,0.6339,0.0014,FALSE
"GSE20685","MammaPrint","EXT1",0.399515,0.6353,0.6325,0.0028,FALSE
"GSE20685","MammaPrint","DIAPH3",0.404979,0.6353,0.6351,2e-04,FALSE
"GSE20685","MammaPrint","NUSAP1",0.424927,0.6353,0.6375,-0.0022,FALSE
"GSE20685","MammaPrint","TSPYL5",0.527145,0.6353,0.6359,-6e-04,FALSE
"GSE20685","CorePAM","EXO1",0.2174,0.6263,0.6223,0.004,FALSE
"GSE20685","CorePAM","NAT1",0.2052,0.6263,0.5856,0.0407,TRUE
"GSE20685","CorePAM","BLVRA",0.1848,0.6263,0.6341,-0.0079,FALSE
"GSE20685","CorePAM","ACTR3B",0.1405,0.6263,0.6331,-0.0069,FALSE
"GSE20685","CorePAM","MIA",0.1193,0.6263,0.6113,0.0149,FALSE
"GSE20685","CorePAM","MYBL2",0.1183,0.6263,0.6315,-0.0052,FALSE
"GSE20685","CorePAM","PTTG1",0.114,0.6263,0.6231,0.0031,FALSE
"GSE20685","CorePAM","MDM2",0.1074,0.6263,0.6287,-0.0025,FALSE
"GSE20685","CorePAM","SFRP1",0.0907,0.6263,0.6239,0.0024,FALSE
"GSE20685","CorePAM","GPR160",0.0841,0.6263,0.6218,0.0045,FALSE
"GSE20685","CorePAM","FOXC1",0.0717,0.6263,0.6216,0.0047,FALSE
"GSE20685","CorePAM","PHGDH",0.062,0.6263,0.6239,0.0024,FALSE
"GSE20685","CorePAM","MYC",0.0424,0.6263,0.628,-0.0017,FALSE
"GSE20685","CorePAM","ESR1",0.0396,0.6263,0.6323,-0.0061,FALSE
"GSE20685","CorePAM","KRT5",0.0277,0.6263,0.6271,-8e-04,FALSE
"GSE20685","CorePAM","CXXC5",0.0266,0.6263,0.6272,-9e-04,FALSE
"GSE20685","CorePAM","PGR",0.0262,0.6263,0.6243,0.0019,FALSE
"GSE20685","CorePAM","KRT17",0.0163,0.6263,0.6277,-0.0014,FALSE
"GSE20685","CorePAM","CENPF",0.015,0.6263,0.6248,0.0015,FALSE
"GSE20685","CorePAM","FGFR4",0.011,0.6263,0.6265,-3e-04,FALSE
"GSE20685","CorePAM","BCL2",0.0105,0.6263,0.6251,0.0012,FALSE
"GSE20685","CorePAM","MLPH",0.0099,0.6263,0.6261,1e-04,FALSE
"GSE20685","CorePAM","ERBB2",0.0082,0.6263,0.6256,6e-04,FALSE
"GSE20685","CorePAM","GRB7",0.0053,0.6263,0.6268,-6e-04,FALSE
"GSE20685","OncotypeDX","MKI67",0.208,0.6293,0.6354,-0.0062,FALSE
"GSE20685","OncotypeDX","AURKA",0.208,0.6293,0.6276,0.0017,FALSE
"GSE20685","OncotypeDX","BIRC5",0.208,0.6293,0.6292,1e-04,FALSE
"GSE20685","OncotypeDX","CCNB1",0.208,0.6293,0.6205,0.0087,FALSE
"GSE20685","OncotypeDX","MYBL2",0.208,0.6293,0.6321,-0.0029,FALSE
"GSE20685","OncotypeDX","MMP11",0.05,0.6293,0.6274,0.0019,FALSE
"GSE20685","OncotypeDX","GRB7",0.423,0.6293,0.5886,0.0406,TRUE
"GSE20685","OncotypeDX","ERBB2",0.047,0.6293,0.6284,8e-04,FALSE
"GSE20685","OncotypeDX","ESR1",0.068,0.6293,0.6342,-0.0049,FALSE
"GSE20685","OncotypeDX","PGR",0.102,0.6293,0.633,-0.0038,FALSE
"GSE20685","OncotypeDX","BCL2",0.085,0.6293,0.636,-0.0067,FALSE
"GSE20685","OncotypeDX","SCUBE2",0.085,0.6293,0.6311,-0.0018,FALSE
"GSE20685","OncotypeDX","GSTM1",0.08,0.6293,0.6254,0.0038,FALSE
"GSE20685","OncotypeDX","CD68",0.05,0.6293,0.6282,0.001,FALSE
"GSE20685","OncotypeDX","BAG1",0.07,0.6293,0.631,-0.0017,FALSE
"GSE1456","GGI","KPNA2",1,0.6706,0.6695,0.0011,FALSE
"GSE1456","GGI","SLC7A5",1,0.6706,0.6712,-6e-04,FALSE
"GSE1456","GGI","MARS",1,0.6706,0.6695,0.0011,FALSE
"GSE1456","GGI","UBE2N",1,0.6706,0.6708,-2e-04,FALSE
"GSE1456","GGI","MYBL2",1,0.6706,0.6697,9e-04,FALSE
"GSE1456","GGI","BIRC5",1,0.6706,0.6701,6e-04,FALSE
"GSE1456","GGI","MCM2",1,0.6706,0.6714,-7e-04,FALSE
"GSE1456","GGI","PLK1",1,0.6706,0.6701,6e-04,FALSE
"GSE1456","GGI","FOXM1",1,0.6706,0.6704,2e-04,FALSE
"GSE1456","GGI","CCNB2",1,0.6706,0.6703,4e-04,FALSE
"GSE1456","GGI","UBE2S",1,0.6706,0.6706,0,FALSE
"GSE1456","GGI","CDC20",1,0.6706,0.6699,7e-04,FALSE
"GSE1456","GGI","UBE2C",1,0.6706,0.6699,7e-04,FALSE
"GSE1456","GGI","RNASEH2A",1,0.6706,0.6704,2e-04,FALSE
"GSE1456","GGI","TIMELESS",1,0.6706,0.6714,-7e-04,FALSE
"GSE1456","GGI","SPAG5",1,0.6706,0.6703,4e-04,FALSE
"GSE1456","GGI","LMNB1",1,0.6706,0.671,-4e-04,FALSE
"GSE1456","GGI","MAD2L1",1,0.6706,0.6699,7e-04,FALSE
"GSE1456","GGI","CCNA2",1,0.6706,0.671,-4e-04,FALSE
"GSE1456","GGI","PTTG1",1,0.6706,0.6708,-2e-04,FALSE
"GSE1456","GGI","HMGB3",1,0.6706,0.6704,2e-04,FALSE
"GSE1456","GGI","BUB1B",1,0.6706,0.6706,0,FALSE
"GSE1456","GGI","ZWINT",1,0.6706,0.6716,-9e-04,FALSE
"GSE1456","GGI","TRIP13",1,0.6706,0.6716,-9e-04,FALSE
"GSE1456","GGI","AURKA",1,0.6706,0.6706,0,FALSE
"GSE1456","GGI","CDK2",1,0.6706,0.6714,-7e-04,FALSE
"GSE1456","GGI","GTSE1",1,0.6706,0.6706,0,FALSE
"GSE1456","GGI","KIF11",1,0.6706,0.6706,0,FALSE
"GSE1456","GGI","EXO1",1,0.6706,0.6712,-6e-04,FALSE
"GSE1456","GGI","TROAP",1,0.6706,0.671,-4e-04,FALSE
"GSE1456","GGI","CDC25A",1,0.6706,0.6704,2e-04,FALSE
"GSE1456","GGI","NUDT1",1,0.6706,0.6712,-6e-04,FALSE
"GSE1456","GGI","FEN1",1,0.6706,0.6714,-7e-04,FALSE
"GSE1456","GGI","ESPL1",1,0.6706,0.6716,-9e-04,FALSE
"GSE1456","GGI","TTK",1,0.6706,0.6693,0.0013,FALSE
"GSE1456","GGI","MELK",1,0.6706,0.6693,0.0013,FALSE
"GSE1456","GGI","CENPA",1,0.6706,0.6703,4e-04,FALSE
"GSE1456","GGI","CCNE2",1,0.6706,0.6704,2e-04,FALSE
"GSE1456","GGI","CENPE",1,0.6706,0.6703,4e-04,FALSE
"GSE1456","GGI","BLM",1,0.6706,0.6697,9e-04,FALSE
"GSE1456","GGI","KIF14",1,0.6706,0.6704,2e-04,FALSE
"GSE1456","GGI","HMMR",1,0.6706,0.6703,4e-04,FALSE
"GSE1456","GGI","CENPF",1,0.6706,0.6701,6e-04,FALSE
"GSE1456","GGI","CCT5",1,0.6706,0.6708,-2e-04,FALSE
"GSE1456","GGI","KIF2C",1,0.6706,0.6695,0.0011,FALSE
"GSE1456","GGI","AURKB",1,0.6706,0.671,-4e-04,FALSE
"GSE1456","GGI","BUB1",1,0.6706,0.6703,4e-04,FALSE
"GSE1456","GGI","KIFC1",1,0.6706,0.6703,4e-04,FALSE
"GSE1456","GGI","CDKN3",1,0.6706,0.6712,-6e-04,FALSE
"GSE1456","GGI","RRM2",1,0.6706,0.6697,9e-04,FALSE
"GSE1456","GGI","TPX2",1,0.6706,0.6708,-2e-04,FALSE
"GSE1456","GGI","MKI67",1,0.6706,0.6703,4e-04,FALSE
"GSE1456","GGI","MCM4",1,0.6706,0.6693,0.0013,FALSE
"GSE1456","GGI","NCAPH",1,0.6706,0.6708,-2e-04,FALSE
"GSE1456","GGI","OIP5",1,0.6706,0.6708,-2e-04,FALSE
"GSE1456","GGI","H2AFZ",1,0.6706,0.6699,7e-04,FALSE
"GSE1456","GGI","SHMT2",1,0.6706,0.6704,2e-04,FALSE
"GSE1456","GGI","GMPS",1,0.6706,0.6695,0.0011,FALSE
"GSE1456","GGI","CCNB1",1,0.6706,0.6712,-6e-04,FALSE
"GSE1456","GGI","C20orf24",1,0.6706,0.6695,0.0011,FALSE
"GSE1456","GGI","PRC1",1,0.6706,0.6701,6e-04,FALSE
"GSE1456","GGI","NUSAP1",1,0.6706,0.6701,6e-04,FALSE
"GSE1456","GGI","KIF4A",1,0.6706,0.6714,-7e-04,FALSE
"GSE1456","GGI","CEP55",1,0.6706,0.6701,6e-04,FALSE
"GSE1456","GGI","ORMDL2",1,0.6706,0.6712,-6e-04,FALSE
"GSE1456","GGI","NCAPG",1,0.6706,0.6712,-6e-04,FALSE
"GSE1456","GGI","KIF20A",1,0.6706,0.671,-4e-04,FALSE
"GSE1456","GGI","KIF15",1,0.6706,0.6708,-2e-04,FALSE
"GSE1456","GGI","POLQ",1,0.6706,0.6699,7e-04,FALSE
"GSE1456","GGI","CENPN",1,0.6706,0.6695,0.0011,FALSE
"GSE1456","GGI","ASPM",1,0.6706,0.6704,2e-04,FALSE
"GSE1456","GGI","MCM10",1,0.6706,0.671,-4e-04,FALSE
"GSE1456","GGI","CDCA3",1,0.6706,0.6704,2e-04,FALSE
"GSE1456","GGI","CDCA8",1,0.6706,0.6703,4e-04,FALSE
"GSE1456","GGI","FAM64A",1,0.6706,0.671,-4e-04,FALSE
"GSE1456","GGI","DONSON",1,0.6706,0.6704,2e-04,FALSE
"GSE1456","GGI","RACGAP1",1,0.6706,0.6708,-2e-04,FALSE
"GSE1456","GGI","FRY",1,0.6706,0.6706,0,FALSE
"GSE1456","GGI","IFT88",1,0.6706,0.6701,6e-04,FALSE
"GSE1456","GGI","CX3CR1",1,0.6706,0.6695,0.0011,FALSE
"GSE1456","GGI","STARD13",1,0.6706,0.671,-4e-04,FALSE
"GSE1456","GGI","LAMB2",1,0.6706,0.6712,-6e-04,FALSE
"GSE1456","GGI","CYBRD1",1,0.6706,0.6703,4e-04,FALSE
"GSE1456","GGI","SESN1",1,0.6706,0.6703,4e-04,FALSE
"GSE1456","GGI","BBS1",1,0.6706,0.6693,0.0013,FALSE
"GSE1456","GGI","PIGV",1,0.6706,0.6714,-7e-04,FALSE
"GSE1456","GGI","C11orf63",1,0.6706,0.6704,2e-04,FALSE
"GSE1456","GGI","WDR19",1,0.6706,0.671,-4e-04,FALSE
"GSE1456","GGI","SIRT3",1,0.6706,0.6688,0.0019,FALSE
"GSE1456","MammaPrint","ALDH4A1",0.420671,0.6738,0.6742,-4e-04,FALSE
"GSE1456","MammaPrint","FGF18",0.410964,0.6738,0.6729,9e-04,FALSE
"GSE1456","MammaPrint","BBC3",0.407002,0.6738,0.6721,0.0017,FALSE
"GSE1456","MammaPrint","SCUBE2",0.399987,0.6738,0.6768,-0.003,FALSE
"GSE1456","MammaPrint","WISP1",0.384479,0.6738,0.6751,-0.0013,FALSE
"GSE1456","MammaPrint","GSTM3",0.380831,0.6738,0.6708,0.003,FALSE
"GSE1456","MammaPrint","TGFB3",0.371524,0.6738,0.6717,0.002,FALSE
"GSE1456","MammaPrint","STK32B",0.368349,0.6738,0.6751,-0.0013,FALSE
"GSE1456","MammaPrint","AP2B1",0.363326,0.6738,0.6708,0.003,FALSE
"GSE1456","MammaPrint","CCNE2",0.356595,0.6738,0.671,0.0028,FALSE
"GSE1456","MammaPrint","CENPA",0.357716,0.6738,0.6704,0.0033,FALSE
"GSE1456","MammaPrint","PRC1",0.358259,0.6738,0.6695,0.0043,FALSE
"GSE1456","MammaPrint","NMU",0.359698,0.6738,0.6688,0.005,FALSE
"GSE1456","MammaPrint","IGFBP5",0.359944,0.6738,0.6714,0.0024,FALSE
"GSE1456","MammaPrint","PITRM1",0.360044,0.6738,0.6675,0.0063,FALSE
"GSE1456","MammaPrint","HRASLS",0.360778,0.6738,0.6716,0.0022,FALSE
"GSE1456","MammaPrint","MCM6",0.363852,0.6738,0.6719,0.0019,FALSE
"GSE1456","MammaPrint","RFC4",0.365585,0.6738,0.671,0.0028,FALSE
"GSE1456","MammaPrint","SLC2A3",0.366486,0.6738,0.6727,0.0011,FALSE
"GSE1456","MammaPrint","GPR126",0.367388,0.6738,0.6725,0.0013,FALSE
"GSE1456","MammaPrint","DCK",0.367698,0.6738,0.6762,-0.0024,FALSE
"GSE1456","MammaPrint","DTL",0.369416,0.6738,0.668,0.0058,FALSE
"GSE1456","MammaPrint","COL4A2",0.370857,0.6738,0.6734,4e-04,FALSE
"GSE1456","MammaPrint","MELK",0.370858,0.6738,0.6716,0.0022,FALSE
"GSE1456","MammaPrint","MTDH",0.373061,0.6738,0.6777,-0.0039,FALSE
"GSE1456","MammaPrint","UCHL5",0.373876,0.6738,0.6686,0.0052,FALSE
"GSE1456","MammaPrint","RAB6B",0.376227,0.6738,0.6688,0.005,FALSE
"GSE1456","MammaPrint","CDC42BPA",0.384392,0.6738,0.673,7e-04,FALSE
"GSE1456","MammaPrint","GMPS",0.386515,0.6738,0.6734,4e-04,FALSE
"GSE1456","MammaPrint","ECT2",0.390367,0.6738,0.6719,0.0019,FALSE
"GSE1456","MammaPrint","MMP9",0.391694,0.6738,0.6768,-0.003,FALSE
"GSE1456","MammaPrint","OXCT1",0.392119,0.6738,0.674,-2e-04,FALSE
"GSE1456","MammaPrint","GNAZ",0.395461,0.6738,0.6703,0.0035,FALSE
"GSE1456","MammaPrint","EXT1",0.399515,0.6738,0.677,-0.0032,FALSE
"GSE1456","MammaPrint","DIAPH3",0.404979,0.6738,0.6747,-9e-04,FALSE
"GSE1456","MammaPrint","NUSAP1",0.424927,0.6738,0.6699,0.0039,FALSE
"GSE1456","MammaPrint","TSPYL5",0.527145,0.6738,0.6727,0.0011,FALSE
"GSE1456","CorePAM","EXO1",0.2174,0.6613,0.6219,0.0394,TRUE
"GSE1456","CorePAM","NAT1",0.2052,0.6613,0.6177,0.0437,TRUE
"GSE1456","CorePAM","BLVRA",0.1848,0.6613,0.655,0.0063,FALSE
"GSE1456","CorePAM","ACTR3B",0.1405,0.6613,0.6517,0.0097,FALSE
"GSE1456","CorePAM","MIA",0.1193,0.6613,0.6719,-0.0106,FALSE
"GSE1456","CorePAM","MYBL2",0.1183,0.6613,0.6658,-0.0045,FALSE
"GSE1456","CorePAM","PTTG1",0.114,0.6613,0.6428,0.0186,FALSE
"GSE1456","CorePAM","MDM2",0.1074,0.6613,0.6651,-0.0037,FALSE
"GSE1456","CorePAM","SFRP1",0.0907,0.6613,0.6485,0.0128,FALSE
"GSE1456","CorePAM","FOXC1",0.0717,0.6613,0.6513,0.01,FALSE
"GSE1456","CorePAM","PHGDH",0.062,0.6613,0.655,0.0063,FALSE
"GSE1456","CorePAM","MYC",0.0424,0.6613,0.6608,6e-04,FALSE
"GSE1456","CorePAM","ESR1",0.0396,0.6613,0.6613,0,FALSE
"GSE1456","CorePAM","KRT5",0.0277,0.6613,0.66,0.0013,FALSE
"GSE1456","CorePAM","PGR",0.0262,0.6613,0.6567,0.0046,FALSE
"GSE1456","CorePAM","CENPF",0.015,0.6613,0.6586,0.0028,FALSE
"GSE1456","CorePAM","FGFR4",0.011,0.6613,0.6617,-4e-04,FALSE
"GSE1456","CorePAM","BCL2",0.0105,0.6613,0.6604,9e-04,FALSE
"GSE1456","CorePAM","MLPH",0.0099,0.6613,0.6604,9e-04,FALSE
"GSE1456","CorePAM","ERBB2",0.0082,0.6613,0.6606,7e-04,FALSE
"GSE1456","CorePAM","GRB7",0.0053,0.6613,0.6615,-2e-04,FALSE
"GSE1456","OncotypeDX","MKI67",0.208,0.6898,0.6829,0.0069,FALSE
"GSE1456","OncotypeDX","AURKA",0.208,0.6898,0.6831,0.0067,FALSE
"GSE1456","OncotypeDX","BIRC5",0.208,0.6898,0.6918,-0.002,FALSE
"GSE1456","OncotypeDX","CCNB1",0.208,0.6898,0.6859,0.0039,FALSE
"GSE1456","OncotypeDX","MYBL2",0.208,0.6898,0.6905,-7e-04,FALSE
"GSE1456","OncotypeDX","MMP11",0.05,0.6898,0.6907,-9e-04,FALSE
"GSE1456","OncotypeDX","GRB7",0.423,0.6898,0.6647,0.0251,TRUE
"GSE1456","OncotypeDX","ERBB2",0.047,0.6898,0.6905,-7e-04,FALSE
"GSE1456","OncotypeDX","ESR1",0.068,0.6898,0.6933,-0.0035,FALSE
"GSE1456","OncotypeDX","PGR",0.102,0.6898,0.6955,-0.0058,FALSE
"GSE1456","OncotypeDX","BCL2",0.085,0.6898,0.6954,-0.0056,FALSE
"GSE1456","OncotypeDX","SCUBE2",0.085,0.6898,0.69,-2e-04,FALSE
"GSE1456","OncotypeDX","GSTM1",0.08,0.6898,0.692,-0.0022,FALSE
"GSE1456","OncotypeDX","CD68",0.05,0.6898,0.6877,0.002,FALSE
"GSE1456","OncotypeDX","BAG1",0.07,0.6898,0.687,0.0028,FALSE
"GSE7390","GGI","KPNA2",1,0.6181,0.6182,-1e-04,FALSE
"GSE7390","GGI","SLC7A5",1,0.6181,0.618,1e-04,FALSE
"GSE7390","GGI","UBE2N",1,0.6181,0.6188,-7e-04,FALSE
"GSE7390","GGI","MYBL2",1,0.6181,0.6184,-2e-04,FALSE
"GSE7390","GGI","BIRC5",1,0.6181,0.6193,-0.0012,FALSE
"GSE7390","GGI","MCM2",1,0.6181,0.6169,0.0012,FALSE
"GSE7390","GGI","PLK1",1,0.6181,0.6179,2e-04,FALSE
"GSE7390","GGI","FOXM1",1,0.6181,0.618,1e-04,FALSE
"GSE7390","GGI","CCNB2",1,0.6181,0.6173,9e-04,FALSE
"GSE7390","GGI","UBE2S",1,0.6181,0.6176,5e-04,FALSE
"GSE7390","GGI","CDC20",1,0.6181,0.6185,-3e-04,FALSE
"GSE7390","GGI","UBE2C",1,0.6181,0.6182,-1e-04,FALSE
"GSE7390","GGI","RNASEH2A",1,0.6181,0.6194,-0.0013,FALSE
"GSE7390","GGI","TIMELESS",1,0.6181,0.6179,2e-04,FALSE
"GSE7390","GGI","SPAG5",1,0.6181,0.6177,4e-04,FALSE
"GSE7390","GGI","LMNB1",1,0.6181,0.619,-9e-04,FALSE
"GSE7390","GGI","MAD2L1",1,0.6181,0.6188,-7e-04,FALSE
"GSE7390","GGI","CCNA2",1,0.6181,0.619,-9e-04,FALSE
"GSE7390","GGI","PTTG1",1,0.6181,0.6181,0,FALSE
"GSE7390","GGI","HMGB3",1,0.6181,0.619,-9e-04,FALSE
"GSE7390","GGI","BUB1B",1,0.6181,0.6189,-8e-04,FALSE
"GSE7390","GGI","ZWINT",1,0.6181,0.6186,-4e-04,FALSE
"GSE7390","GGI","TRIP13",1,0.6181,0.6178,3e-04,FALSE
"GSE7390","GGI","AURKA",1,0.6181,0.6181,0,FALSE
"GSE7390","GGI","CDK2",1,0.6181,0.6177,4e-04,FALSE
"GSE7390","GGI","GTSE1",1,0.6181,0.6169,0.0012,FALSE
"GSE7390","GGI","KIF11",1,0.6181,0.6178,3e-04,FALSE
"GSE7390","GGI","EXO1",1,0.6181,0.6175,7e-04,FALSE
"GSE7390","GGI","TROAP",1,0.6181,0.6173,9e-04,FALSE
"GSE7390","GGI","CDC25A",1,0.6181,0.6182,-1e-04,FALSE
"GSE7390","GGI","NUDT1",1,0.6181,0.6191,-0.001,FALSE
"GSE7390","GGI","FEN1",1,0.6181,0.6188,-7e-04,FALSE
"GSE7390","GGI","ESPL1",1,0.6181,0.6178,3e-04,FALSE
"GSE7390","GGI","TTK",1,0.6181,0.6182,-1e-04,FALSE
"GSE7390","GGI","MELK",1,0.6181,0.6185,-3e-04,FALSE
"GSE7390","GGI","CENPA",1,0.6181,0.6188,-7e-04,FALSE
"GSE7390","GGI","CCNE2",1,0.6181,0.6182,-1e-04,FALSE
"GSE7390","GGI","CENPE",1,0.6181,0.6179,2e-04,FALSE
"GSE7390","GGI","BLM",1,0.6181,0.6185,-3e-04,FALSE
"GSE7390","GGI","KIF14",1,0.6181,0.6179,2e-04,FALSE
"GSE7390","GGI","HMMR",1,0.6181,0.6181,0,FALSE
"GSE7390","GGI","CENPF",1,0.6181,0.6177,4e-04,FALSE
"GSE7390","GGI","CCT5",1,0.6181,0.6179,2e-04,FALSE
"GSE7390","GGI","KIF2C",1,0.6181,0.6185,-3e-04,FALSE
"GSE7390","GGI","AURKB",1,0.6181,0.618,1e-04,FALSE
"GSE7390","GGI","BUB1",1,0.6181,0.6182,-1e-04,FALSE
"GSE7390","GGI","KIFC1",1,0.6181,0.6177,4e-04,FALSE
"GSE7390","GGI","CDKN3",1,0.6181,0.6187,-5e-04,FALSE
"GSE7390","GGI","RRM2",1,0.6181,0.6187,-5e-04,FALSE
"GSE7390","GGI","TPX2",1,0.6181,0.6184,-2e-04,FALSE
"GSE7390","GGI","MKI67",1,0.6181,0.6175,7e-04,FALSE
"GSE7390","GGI","MCM4",1,0.6181,0.6187,-5e-04,FALSE
"GSE7390","GGI","NCAPH",1,0.6181,0.6185,-3e-04,FALSE
"GSE7390","GGI","OIP5",1,0.6181,0.6178,3e-04,FALSE
"GSE7390","GGI","H2AFZ",1,0.6181,0.6184,-2e-04,FALSE
"GSE7390","GGI","SHMT2",1,0.6181,0.6181,0,FALSE
"GSE7390","GGI","GMPS",1,0.6181,0.6194,-0.0013,FALSE
"GSE7390","GGI","CCNB1",1,0.6181,0.6193,-0.0012,FALSE
"GSE7390","GGI","PRC1",1,0.6181,0.6189,-8e-04,FALSE
"GSE7390","GGI","NUSAP1",1,0.6181,0.6192,-0.0011,FALSE
"GSE7390","GGI","KIF4A",1,0.6181,0.6181,0,FALSE
"GSE7390","GGI","CEP55",1,0.6181,0.6186,-4e-04,FALSE
"GSE7390","GGI","ORMDL2",1,0.6181,0.6184,-2e-04,FALSE
"GSE7390","GGI","NCAPG",1,0.6181,0.6184,-2e-04,FALSE
"GSE7390","GGI","KIF20A",1,0.6181,0.6188,-7e-04,FALSE
"GSE7390","GGI","KIF15",1,0.6181,0.6186,-4e-04,FALSE
"GSE7390","GGI","POLQ",1,0.6181,0.6169,0.0012,FALSE
"GSE7390","GGI","CENPN",1,0.6181,0.6182,-1e-04,FALSE
"GSE7390","GGI","ASPM",1,0.6181,0.6188,-7e-04,FALSE
"GSE7390","GGI","MCM10",1,0.6181,0.618,1e-04,FALSE
"GSE7390","GGI","CDCA3",1,0.6181,0.6173,9e-04,FALSE
"GSE7390","GGI","CDCA8",1,0.6181,0.6184,-2e-04,FALSE
"GSE7390","GGI","FAM64A",1,0.6181,0.6173,9e-04,FALSE
"GSE7390","GGI","DONSON",1,0.6181,0.6187,-5e-04,FALSE
"GSE7390","GGI","RACGAP1",1,0.6181,0.6179,2e-04,FALSE
"GSE7390","GGI","FRY",1,0.6181,0.6182,-1e-04,FALSE
"GSE7390","GGI","IFT88",1,0.6181,0.6177,4e-04,FALSE
"GSE7390","GGI","CX3CR1",1,0.6181,0.6184,-2e-04,FALSE
"GSE7390","GGI","STARD13",1,0.6181,0.6184,-2e-04,FALSE
"GSE7390","GGI","LAMB2",1,0.6181,0.6184,-2e-04,FALSE
"GSE7390","GGI","CYBRD1",1,0.6181,0.6169,0.0012,FALSE
"GSE7390","GGI","SESN1",1,0.6181,0.6174,8e-04,FALSE
"GSE7390","GGI","BBS1",1,0.6181,0.6182,-1e-04,FALSE
"GSE7390","GGI","PIGV",1,0.6181,0.6192,-0.0011,FALSE
"GSE7390","GGI","C11orf63",1,0.6181,0.6174,8e-04,FALSE
"GSE7390","GGI","WDR19",1,0.6181,0.6182,-1e-04,FALSE
"GSE7390","GGI","SIRT3",1,0.6181,0.6191,-0.001,FALSE
"GSE7390","MammaPrint","ALDH4A1",0.420671,0.6115,0.6217,-0.0102,FALSE
"GSE7390","MammaPrint","FGF18",0.410964,0.6115,0.6215,-0.01,FALSE
"GSE7390","MammaPrint","SCUBE2",0.399987,0.6115,0.6128,-0.0013,FALSE
"GSE7390","MammaPrint","WISP1",0.384479,0.6115,0.6146,-0.003,FALSE
"GSE7390","MammaPrint","GSTM3",0.380831,0.6115,0.6131,-0.0016,FALSE
"GSE7390","MammaPrint","TGFB3",0.371524,0.6115,0.6138,-0.0023,FALSE
"GSE7390","MammaPrint","STK32B",0.368349,0.6115,0.6128,-0.0013,FALSE
"GSE7390","MammaPrint","AP2B1",0.363326,0.6115,0.6131,-0.0016,FALSE
"GSE7390","MammaPrint","CCNE2",0.356595,0.6115,0.6122,-7e-04,FALSE
"GSE7390","MammaPrint","CENPA",0.357716,0.6115,0.6121,-5e-04,FALSE
"GSE7390","MammaPrint","PRC1",0.358259,0.6115,0.6115,0,FALSE
"GSE7390","MammaPrint","NMU",0.359698,0.6115,0.6125,-0.001,FALSE
"GSE7390","MammaPrint","IGFBP5",0.359944,0.6115,0.6121,-5e-04,FALSE
"GSE7390","MammaPrint","PITRM1",0.360044,0.6115,0.6138,-0.0023,FALSE
"GSE7390","MammaPrint","HRASLS",0.360778,0.6115,0.6115,0,FALSE
"GSE7390","MammaPrint","MCM6",0.363852,0.6115,0.6136,-0.0021,FALSE
"GSE7390","MammaPrint","RFC4",0.365585,0.6115,0.6101,0.0014,FALSE
"GSE7390","MammaPrint","SLC2A3",0.366486,0.6115,0.614,-0.0025,FALSE
"GSE7390","MammaPrint","DCK",0.367698,0.6115,0.6139,-0.0024,FALSE
"GSE7390","MammaPrint","DTL",0.369416,0.6115,0.6108,8e-04,FALSE
"GSE7390","MammaPrint","COL4A2",0.370857,0.6115,0.6074,0.0041,FALSE
"GSE7390","MammaPrint","MELK",0.370858,0.6115,0.6123,-8e-04,FALSE
"GSE7390","MammaPrint","MTDH",0.373061,0.6115,0.6155,-0.004,FALSE
"GSE7390","MammaPrint","UCHL5",0.373876,0.6115,0.6141,-0.0026,FALSE
"GSE7390","MammaPrint","RAB6B",0.376227,0.6115,0.6111,4e-04,FALSE
"GSE7390","MammaPrint","CDC42BPA",0.384392,0.6115,0.6084,0.0031,FALSE
"GSE7390","MammaPrint","GMPS",0.386515,0.6115,0.6123,-8e-04,FALSE
"GSE7390","MammaPrint","ECT2",0.390367,0.6115,0.6137,-0.0022,FALSE
"GSE7390","MammaPrint","MMP9",0.391694,0.6115,0.6162,-0.0047,FALSE
"GSE7390","MammaPrint","OXCT1",0.392119,0.6115,0.6117,-2e-04,FALSE
"GSE7390","MammaPrint","GNAZ",0.395461,0.6115,0.6118,-3e-04,FALSE
"GSE7390","MammaPrint","EXT1",0.399515,0.6115,0.6088,0.0027,FALSE
"GSE7390","MammaPrint","DIAPH3",0.404979,0.6115,0.6161,-0.0046,FALSE
"GSE7390","MammaPrint","NUSAP1",0.424927,0.6115,0.6129,-0.0014,FALSE
"GSE7390","MammaPrint","TSPYL5",0.527145,0.6115,0.6147,-0.0031,FALSE
"GSE7390","CorePAM","EXO1",0.2174,0.6038,0.5756,0.0282,TRUE
"GSE7390","CorePAM","NAT1",0.2052,0.6038,0.5796,0.0242,TRUE
"GSE7390","CorePAM","BLVRA",0.1848,0.6038,0.5887,0.0151,FALSE
"GSE7390","CorePAM","ACTR3B",0.1405,0.6038,0.5957,0.0081,FALSE
"GSE7390","CorePAM","MIA",0.1193,0.6038,0.5961,0.0077,FALSE
"GSE7390","CorePAM","MYBL2",0.1183,0.6038,0.6199,-0.0161,FALSE
"GSE7390","CorePAM","PTTG1",0.114,0.6038,0.6011,0.0027,FALSE
"GSE7390","CorePAM","MDM2",0.1074,0.6038,0.6182,-0.0144,FALSE
"GSE7390","CorePAM","SFRP1",0.0907,0.6038,0.6013,0.0025,FALSE
"GSE7390","CorePAM","FOXC1",0.0717,0.6038,0.6087,-0.0049,FALSE
"GSE7390","CorePAM","PHGDH",0.062,0.6038,0.6087,-0.0049,FALSE
"GSE7390","CorePAM","MYC",0.0424,0.6038,0.6056,-0.0017,FALSE
"GSE7390","CorePAM","ESR1",0.0396,0.6038,0.6043,-4e-04,FALSE
"GSE7390","CorePAM","KRT5",0.0277,0.6038,0.6079,-0.0041,FALSE
"GSE7390","CorePAM","PGR",0.0262,0.6038,0.5985,0.0053,FALSE
"GSE7390","CorePAM","CENPF",0.015,0.6038,0.6033,5e-04,FALSE
"GSE7390","CorePAM","FGFR4",0.011,0.6038,0.6031,8e-04,FALSE
"GSE7390","CorePAM","BCL2",0.0105,0.6038,0.6013,0.0025,FALSE
"GSE7390","CorePAM","MLPH",0.0099,0.6038,0.6043,-4e-04,FALSE
"GSE7390","CorePAM","ERBB2",0.0082,0.6038,0.6049,-0.0011,FALSE
"GSE7390","CorePAM","GRB7",0.0053,0.6038,0.6046,-8e-04,FALSE
"GSE7390","OncotypeDX","MKI67",0.208,0.6203,0.6073,0.013,FALSE
"GSE7390","OncotypeDX","AURKA",0.208,0.6203,0.6232,-0.0029,FALSE
"GSE7390","OncotypeDX","BIRC5",0.208,0.6203,0.6163,0.004,FALSE
"GSE7390","OncotypeDX","CCNB1",0.208,0.6203,0.6121,0.0082,FALSE
"GSE7390","OncotypeDX","MYBL2",0.208,0.6203,0.6056,0.0148,FALSE
"GSE7390","OncotypeDX","MMP11",0.05,0.6203,0.6185,0.0018,FALSE
"GSE7390","OncotypeDX","GRB7",0.423,0.6203,0.6182,0.0021,FALSE
"GSE7390","OncotypeDX","ERBB2",0.047,0.6203,0.6197,7e-04,FALSE
"GSE7390","OncotypeDX","ESR1",0.068,0.6203,0.6263,-0.006,FALSE
"GSE7390","OncotypeDX","PGR",0.102,0.6203,0.6308,-0.0105,FALSE
"GSE7390","OncotypeDX","BCL2",0.085,0.6203,0.6267,-0.0064,FALSE
"GSE7390","OncotypeDX","SCUBE2",0.085,0.6203,0.6237,-0.0034,FALSE
"GSE7390","OncotypeDX","GSTM1",0.08,0.6203,0.6146,0.0057,FALSE
"GSE7390","OncotypeDX","BAG1",0.07,0.6203,0.615,0.0053,FALSE
