"cohort","signature","target_genes","draws_attempted","draws_valid","median_envelope","p10","p90"
"SCANB","GGI",24,30,30,21,20,21
"SCANB","GGI",24,100,100,21,20,21
"SCANB","GGI",24,500,500,21,20,21
"SCANB","GGI",24,1000,1000,21,20,21
"SCANB","GGI",15,30,30,12,10,12
"SCANB","GGI",15,100,100,12,11,12
"SCANB","GGI",15,500,500,12,12,12
"SCANB","GGI",15,1000,1000,12,12,12
"SCANB","MammaPrint",24,30,30,15.5,13,18
"SCANB","MammaPrint",24,100,100,15,12,19
"SCANB","MammaPrint",24,500,499,15,12,20
"SCANB","MammaPrint",24,1000,995,15,12,20
"SCANB","MammaPrint",15,30,30,9,6,12
"SCANB","MammaPrint",15,100,100,9,6,12
"SCANB","MammaPrint",15,500,500,9,6,12
"SCANB","MammaPrint",15,1000,1000,9,6,12
"SCANB","CorePAM",15,30,30,0.5,0,2
"SCANB","CorePAM",15,100,100,0,0,3
"SCANB","CorePAM",15,500,500,0,0,3
"SCANB","CorePAM",15,1000,1000,0,0,3
"TCGA_BRCA","GGI",24,30,30,21,20,21
"TCGA_BRCA","GGI",24,100,100,21,19,21
"TCGA_BRCA","GGI",24,500,499,21,19,21
"TCGA_BRCA","GGI",24,1000,999,21,19,21
"TCGA_BRCA","GGI",15,30,30,12,11,12
"TCGA_BRCA","GGI",15,100,99,12,11,12
"TCGA_BRCA","GGI",15,500,499,12,11,12
"TCGA_BRCA","GGI",15,1000,999,12,11,12
"TCGA_BRCA","MammaPrint",24,30,30,15.5,12,21
"TCGA_BRCA","MammaPrint",24,100,100,15,11,21
"TCGA_BRCA","MammaPrint",24,500,500,15,11,21
"TCGA_BRCA","MammaPrint",24,1000,1000,15,11,21
"TCGA_BRCA","MammaPrint",15,30,30,9,7,12
"TCGA_BRCA","MammaPrint",15,100,100,9,7,12
"TCGA_BRCA","MammaPrint",15,500,500,9,6,12
"TCGA_BRCA","MammaPrint",15,1000,1000,9,6,12
"TCGA_BRCA","CorePAM",15,30,30,4,0,8
"TCGA_BRCA","CorePAM",15,100,100,4,0,9
"TCGA_BRCA","CorePAM",15,500,500,3,0,9
"TCGA_BRCA","CorePAM",15,1000,1000,3,0,9
"METABRIC","GGI",24,30,30,21,20,21
"METABRIC","GGI",24,100,100,21,20,21
"METABRIC","GGI",24,500,500,21,20,21
"METABRIC","GGI",24,1000,999,21,20,21
"METABRIC","GGI",15,30,30,12,11,12
"METABRIC","GGI",15,100,100,12,11,12
"METABRIC","GGI",15,500,500,12,11,12
"METABRIC","GGI",15,1000,1000,12,11,12
"METABRIC","MammaPrint",24,30,30,21,21,21
"METABRIC","MammaPrint",24,100,100,21,21,21
"METABRIC","MammaPrint",24,500,499,21,21,21
"METABRIC","MammaPrint",24,1000,999,21,21,21
"METABRIC","MammaPrint",15,30,30,12,8,12
"METABRIC","MammaPrint",15,100,100,12,10,12
"METABRIC","MammaPrint",15,500,500,12,9,12
"METABRIC","MammaPrint",15,1000,1000,12,10,12
"METABRIC","CorePAM",15,30,30,0,0,3
"METABRIC","CorePAM",15,100,100,0,0,4
"METABRIC","CorePAM",15,500,500,1,0,5
"METABRIC","CorePAM",15,1000,1000,1,0,6
"GSE20685","GGI",24,30,30,21,17,21
"GSE20685","GGI",24,100,100,21,17,21
"GSE20685","GGI",24,500,500,21,17,21
"GSE20685","GGI",24,1000,1000,21,17,21
"GSE20685","GGI",15,30,30,12,8,12
"GSE20685","GGI",15,100,100,12,8,12
"GSE20685","GGI",15,500,500,12,8,12
"GSE20685","GGI",15,1000,1000,12,9,12
"GSE20685","MammaPrint",24,30,30,11,9,13
"GSE20685","MammaPrint",24,100,100,11,10,14
"GSE20685","MammaPrint",24,500,500,12,9,16
"GSE20685","MammaPrint",24,1000,1000,11.5,9,16
"GSE20685","MammaPrint",15,30,30,7,4,10
"GSE20685","MammaPrint",15,100,100,7,5,11
"GSE20685","MammaPrint",15,500,500,7,5,11
"GSE20685","MammaPrint",15,1000,1000,7,5,11
"GSE20685","CorePAM",15,30,30,0,0,3
"GSE20685","CorePAM",15,100,100,0,0,3
"GSE20685","CorePAM",15,500,500,0,0,2
"GSE20685","CorePAM",15,1000,1000,0,0,3
"GSE1456","GGI",24,30,30,21,13,21
"GSE1456","GGI",24,100,100,20,13,21
"GSE1456","GGI",24,500,500,20,14,21
"GSE1456","GGI",24,1000,1000,20,14,21
"GSE1456","GGI",15,30,30,11,6,12
"GSE1456","GGI",15,100,100,11,7,12
"GSE1456","GGI",15,500,500,12,7,12
"GSE1456","GGI",15,1000,1000,12,7,12
"GSE1456","MammaPrint",24,30,30,21,15,21
"GSE1456","MammaPrint",24,100,100,21,15,21
"GSE1456","MammaPrint",24,500,500,21,17,21
"GSE1456","MammaPrint",24,1000,1000,21,20,21
"GSE1456","MammaPrint",15,30,30,12,6,12
"GSE1456","MammaPrint",15,100,100,12,7,12
"GSE1456","MammaPrint",15,500,500,12,8,12
"GSE1456","MammaPrint",15,1000,1000,12,8,12
"GSE1456","CorePAM",15,30,30,0,0,0
"GSE1456","CorePAM",15,100,100,0,0,2
"GSE1456","CorePAM",15,500,500,0,0,1
"GSE1456","CorePAM",15,1000,1000,0,0,1
"GSE7390","GGI",24,30,30,21,16,21
"GSE7390","GGI",24,100,100,21,17,21
"GSE7390","GGI",24,500,500,21,17,21
"GSE7390","GGI",24,1000,1000,21,18,21
"GSE7390","MammaPrint",24,30,30,21,18,21
"GSE7390","MammaPrint",24,100,100,21,18,21
"GSE7390","MammaPrint",24,500,500,21,18,21
"GSE7390","MammaPrint",24,1000,1000,21,18,21
